id,first_name,last_name,email,gender,birth_date,job_title_id,department,salary,hire_date,resign_date
1,William,Rivera,william.rivera.1@example-corp.com,Male,1985-01-16,3,Product,100335,2024-03-20,
2,Donald,Flores,donald.flores.2@example-corp.com,Male,1966-08-03,14,Administration,51997,2020-02-19,
3,Carol,Harris,carol.harris.3@example-corp.com,Female,1970-09-22,9,Design,78897,2019-01-29,
4,Barbara,Smith,barbara.smith.4@example-corp.com,Female,1987-10-20,7,Marketing,59634,2018-01-03,
5,Joshua,Anderson,joshua.anderson.5@example-corp.com,Male,1974-05-21,10,Infrastructure,110733,2023-02-26,2025-02-27
6,Thomas,Baker,thomas.baker.6@example-corp.com,Male,1964-10-26,14,Administration,52567,2025-04-07,2025-08-02
7,Patricia,Harris,patricia.harris.7@example-corp.com,Female,1995-12-06,3,Product,103222,2018-06-20,
8,Elizabeth,Rivera,elizabeth.rivera.8@example-corp.com,Female,1986-12-06,1,Engineering,58517,2023-01-23,
9,Barbara,Adams,barbara.adams.9@example-corp.com,Female,1974-05-23,10,Infrastructure,110090,2024-02-27,
10,Jennifer,Harris,jennifer.harris.10@example-corp.com,Female,2004-05-07,10,Infrastructure,118266,2022-07-21,
11,Betty,Martinez,betty.martinez.11@example-corp.com,Female,1965-12-11,7,Marketing,51861,2019-07-08,
12,Amanda,Anderson,amanda.anderson.12@example-corp.com,Female,1968-10-06,5,Human Resources,85545,2019-05-07,
13,Michelle,Lopez,michelle.lopez.13@example-corp.com,Female,2004-07-27,11,Operations,70245,2025-04-28,
14,Steven,Young,steven.young.14@example-corp.com,Male,1974-10-05,12,Executive,199489,2024-12-01,
15,Patricia,Green,patricia.green.15@example-corp.com,Female,1962-04-12,8,Finance,88915,2017-02-03,
16,Betty,Hill,betty.hill.16@example-corp.com,Female,1978-08-19,8,Finance,101653,2019-12-28,
17,Nancy,Carter,nancy.carter.17@example-corp.com,Female,1985-02-04,7,Marketing,57830,2021-05-27,
18,Paul,Thomas,paul.thomas.18@example-corp.com,Male,1961-09-10,7,Marketing,52594,2024-08-22,
19,Lisa,Sanchez,lisa.sanchez.19@example-corp.com,Female,1985-02-03,1,Engineering,57933,2020-01-30,
20,Elizabeth,Hernandez,elizabeth.hernandez.20@example-corp.com,Female,1966-06-29,7,Marketing,57773,2024-10-01,
21,Paul,Jones,paul.jones.21@example-corp.com,Male,1989-08-02,5,Human Resources,77127,2017-07-04,
22,Charles,Garcia,charles.garcia.22@example-corp.com,Male,1971-12-07,6,Sales,45850,2020-04-20,
23,Sandra,Allen,sandra.allen.23@example-corp.com,Female,2005-11-01,10,Infrastructure,103797,2018-08-14,
24,Michael,Rodriguez,michael.rodriguez.24@example-corp.com,Male,1996-03-15,5,Human Resources,79191,2025-02-22,
25,Carol,Nelson,carol.nelson.25@example-corp.com,Female,1988-11-18,11,Operations,64611,2018-01-04,
26,Jessica,Martin,jessica.martin.26@example-corp.com,Female,1966-01-25,6,Sales,48398,2021-03-19,
27,Daniel,Miller,daniel.miller.27@example-corp.com,Male,1978-04-28,13,Executive,193344,2025-01-12,
28,Susan,Miller,susan.miller.28@example-corp.com,Female,1979-06-18,8,Finance,98630,2024-01-29,
29,Brian,Walker,brian.walker.29@example-corp.com,Male,1988-12-05,7,Marketing,53989,2017-10-27,
30,Dorothy,Sanchez,dorothy.sanchez.30@example-corp.com,Female,2004-07-11,7,Marketing,55531,2024-03-22,
31,Patricia,Hall,patricia.hall.31@example-corp.com,Female,1973-03-11,6,Sales,45695,2019-07-22,
32,David,Smith,david.smith.32@example-corp.com,Male,1986-01-01,11,Operations,68622,2023-03-08,
33,Paul,Smith,paul.smith.33@example-corp.com,Male,1993-01-06,6,Sales,47599,2023-05-15,
34,Charles,Carter,charles.carter.34@example-corp.com,Male,1998-05-04,2,Engineering,119049,2017-06-23,
35,Elizabeth,Young,elizabeth.young.35@example-corp.com,Female,1974-11-13,8,Finance,96258,2018-10-01,
36,David,Wilson,david.wilson.36@example-corp.com,Male,1995-10-02,7,Marketing,55249,2020-08-17,
37,Robert,Baker,robert.baker.37@example-corp.com,Male,1974-03-02,10,Infrastructure,120546,2019-10-02,
38,Robert,Davis,robert.davis.38@example-corp.com,Male,1985-05-14,1,Engineering,54587,2016-10-28,
39,Amanda,Campbell,amanda.campbell.39@example-corp.com,Female,1972-04-24,12,Executive,180329,2021-04-28,
40,Elizabeth,Mitchell,elizabeth.mitchell.40@example-corp.com,Female,1992-05-14,4,Data Science,111105,2017-01-23,
41,Christopher,Carter,christopher.carter.41@example-corp.com,Male,1970-10-13,3,Product,97332,2016-08-12,2018-10-20
42,Christopher,Jones,christopher.jones.42@example-corp.com,Male,2001-04-29,7,Marketing,57197,2019-08-27,
43,David,Thompson,david.thompson.43@example-corp.com,Male,1984-02-23,8,Finance,92251,2025-04-10,
44,Carol,Clark,carol.clark.44@example-corp.com,Female,1980-11-24,9,Design,92530,2019-06-13,
45,Donald,Wilson,donald.wilson.45@example-corp.com,Male,1975-01-01,4,Data Science,117881,2018-04-17,
46,George,King,george.king.46@example-corp.com,Male,1978-01-22,13,Executive,200855,2017-03-18,
47,Margaret,Mitchell,margaret.mitchell.47@example-corp.com,Female,1973-09-07,12,Executive,192233,2017-09-16,
48,Andrew,Torres,andrew.torres.48@example-corp.com,Male,1981-04-26,1,Engineering,65306,2024-06-22,
49,Christopher,Thomas,christopher.thomas.49@example-corp.com,Male,1988-09-18,8,Finance,96365,2023-11-29,
50,Anthony,Moore,anthony.moore.50@example-corp.com,Male,1998-01-17,14,Administration,51742,2019-12-25,
51,Charles,Moore,charles.moore.51@example-corp.com,Male,1992-11-21,9,Design,80414,2016-10-21,
52,Nancy,Young,nancy.young.52@example-corp.com,Female,1999-03-29,13,Executive,183055,2026-02-05,
53,Brian,Lopez,brian.lopez.53@example-corp.com,Male,1973-10-29,3,Product,99789,2016-08-23,
54,Anthony,Smith,anthony.smith.54@example-corp.com,Male,1988-02-07,6,Sales,45273,2022-06-09,
55,Joseph,Campbell,joseph.campbell.55@example-corp.com,Male,1985-08-04,7,Marketing,54431,2025-10-02,
56,Mark,Rivera,mark.rivera.56@example-corp.com,Male,1965-07-21,6,Sales,50768,2021-07-27,
57,Robert,Thomas,robert.thomas.57@example-corp.com,Male,2003-02-28,7,Marketing,55199,2021-05-29,2023-08-10
58,Paul,Johnson,paul.johnson.58@example-corp.com,Male,1979-03-07,13,Executive,176981,2020-04-08,
59,Susan,Lewis,susan.lewis.59@example-corp.com,Female,1962-05-04,1,Engineering,61607,2026-01-16,
60,Robert,Davis,robert.davis.60@example-corp.com,Male,1987-10-26,5,Human Resources,72349,2018-07-04,
61,Michelle,Hill,michelle.hill.61@example-corp.com,Female,1978-05-25,6,Sales,48390,2020-10-07,
62,William,Hill,william.hill.62@example-corp.com,Male,1999-09-03,12,Executive,180693,2025-07-06,
63,Steven,Williams,steven.williams.63@example-corp.com,Male,1991-11-13,11,Operations,65427,2025-05-15,2026-01-18
64,Dorothy,Rodriguez,dorothy.rodriguez.64@example-corp.com,Female,1977-06-19,8,Finance,99981,2023-03-03,
65,Patricia,Wright,patricia.wright.65@example-corp.com,Female,2000-01-19,12,Executive,190525,2021-02-02,
66,David,Baker,david.baker.66@example-corp.com,Male,1990-11-16,3,Product,97271,2023-01-05,
67,Andrew,Ramirez,andrew.ramirez.67@example-corp.com,Male,1990-04-24,11,Operations,76999,2018-03-02,
68,Kimberly,Taylor,kimberly.taylor.68@example-corp.com,Female,1994-02-01,5,Human Resources,87110,2019-11-21,
69,Joseph,Moore,joseph.moore.69@example-corp.com,Male,1975-11-18,14,Administration,50245,2017-08-05,
70,Karen,Torres,karen.torres.70@example-corp.com,Female,1972-01-18,5,Human Resources,86263,2023-10-26,
71,James,Thomas,james.thomas.71@example-corp.com,Male,1996-12-31,1,Engineering,61885,2022-01-19,
72,Sarah,Wright,sarah.wright.72@example-corp.com,Female,1988-09-06,7,Marketing,60283,2025-12-12,
73,Elizabeth,Campbell,elizabeth.campbell.73@example-corp.com,Female,1984-05-04,8,Finance,97315,2019-07-04,
74,Deborah,Allen,deborah.allen.74@example-corp.com,Female,1967-10-05,5,Human Resources,87345,2018-09-24,
75,Matthew,Carter,matthew.carter.75@example-corp.com,Male,1964-11-03,2,Engineering,113395,2020-02-16,
76,William,King,william.king.76@example-corp.com,Male,2003-04-23,1,Engineering,61542,2024-12-26,
77,Kimberly,Miller,kimberly.miller.77@example-corp.com,Female,1970-09-13,14,Administration,50536,2021-09-24,
78,Donna,Johnson,donna.johnson.78@example-corp.com,Female,1962-01-17,8,Finance,102901,2020-06-09,
79,Dorothy,Torres,dorothy.torres.79@example-corp.com,Female,1969-09-18,13,Executive,194665,2016-08-22,
80,Matthew,Johnson,matthew.johnson.80@example-corp.com,Male,1962-01-25,4,Data Science,112874,2021-10-26,
81,Susan,Campbell,susan.campbell.81@example-corp.com,Female,1974-02-23,4,Data Science,112974,2020-07-16,
82,Edward,Green,edward.green.82@example-corp.com,Male,1988-02-17,11,Operations,66048,2019-12-18,
83,Linda,Gonzalez,linda.gonzalez.83@example-corp.com,Female,1970-08-23,4,Data Science,106788,2020-04-13,
84,Christopher,Hernandez,christopher.hernandez.84@example-corp.com,Male,1977-01-02,6,Sales,48448,2020-03-29,
85,Mark,Rivera,mark.rivera.85@example-corp.com,Male,1972-12-13,7,Marketing,59852,2022-08-15,
86,Emily,Baker,emily.baker.86@example-corp.com,Female,1985-03-07,6,Sales,47801,2024-12-14,
87,Ashley,Nelson,ashley.nelson.87@example-corp.com,Female,2006-02-03,1,Engineering,62334,2020-06-16,
88,Deborah,Taylor,deborah.taylor.88@example-corp.com,Female,1991-11-11,2,Engineering,110570,2019-08-11,
89,Sarah,Hall,sarah.hall.89@example-corp.com,Female,1977-08-06,10,Infrastructure,121602,2020-11-29,
90,Andrew,Thomas,andrew.thomas.90@example-corp.com,Male,1969-11-05,3,Product,109121,2018-09-10,
91,Deborah,Hernandez,deborah.hernandez.91@example-corp.com,Female,1974-06-13,11,Operations,76652,2025-06-23,
92,David,Perez,david.perez.92@example-corp.com,Male,1973-12-25,14,Administration,46515,2022-12-21,
93,David,Sanchez,david.sanchez.93@example-corp.com,Male,1977-07-28,13,Executive,195069,2017-12-28,
94,Donna,Campbell,donna.campbell.94@example-corp.com,Female,1973-08-19,10,Infrastructure,123909,2019-04-29,
95,Steven,Campbell,steven.campbell.95@example-corp.com,Male,1992-06-01,2,Engineering,130903,2022-08-06,
96,George,Gonzalez,george.gonzalez.96@example-corp.com,Male,1980-11-03,10,Infrastructure,124083,2022-11-14,2026-01-25
97,Michael,Jackson,michael.jackson.97@example-corp.com,Male,1972-03-02,3,Product,96122,2016-11-26,
98,John,Rivera,john.rivera.98@example-corp.com,Male,1993-08-14,7,Marketing,56819,2021-09-29,
99,Anthony,Davis,anthony.davis.99@example-corp.com,Male,1964-05-22,1,Engineering,61984,2023-03-06,
100,Andrew,Taylor,andrew.taylor.100@example-corp.com,Male,1965-06-29,9,Design,77882,2023-12-12,
101,Lisa,Miller,lisa.miller.101@example-corp.com,Female,1979-12-31,3,Product,106636,2016-10-16,2021-03-29
102,Lisa,Jones,lisa.jones.102@example-corp.com,Female,1995-08-15,13,Executive,174371,2021-04-03,
103,Dorothy,Gonzalez,dorothy.gonzalez.103@example-corp.com,Female,1964-08-07,12,Executive,192181,2023-03-21,
104,Melissa,Lewis,melissa.lewis.104@example-corp.com,Female,1999-07-20,8,Finance,86821,2024-09-08,
105,David,Adams,david.adams.105@example-corp.com,Male,1972-04-23,6,Sales,51549,2021-04-28,
106,Mark,Jackson,mark.jackson.106@example-corp.com,Male,1996-07-01,4,Data Science,100048,2019-02-28,
107,Thomas,Thomas,thomas.thomas.107@example-corp.com,Male,2004-11-18,8,Finance,85548,2016-10-05,
108,Margaret,Hall,margaret.hall.108@example-corp.com,Female,1982-02-25,1,Engineering,54554,2018-05-28,
109,Amanda,Ramirez,amanda.ramirez.109@example-corp.com,Female,1980-09-29,1,Engineering,59120,2024-08-31,
110,Paul,Torres,paul.torres.110@example-corp.com,Male,1974-03-08,5,Human Resources,87184,2023-12-05,2025-10-23
111,Michael,Jackson,michael.jackson.111@example-corp.com,Male,1978-03-08,8,Finance,92815,2020-08-07,
112,Mark,Thompson,mark.thompson.112@example-corp.com,Male,1974-03-16,8,Finance,93486,2023-02-01,2025-09-25
113,Patricia,Lopez,patricia.lopez.113@example-corp.com,Female,1974-06-19,13,Executive,185398,2016-05-05,
114,Barbara,Allen,barbara.allen.114@example-corp.com,Female,1999-09-19,11,Operations,67997,2017-06-25,
115,Deborah,White,deborah.white.115@example-corp.com,Female,1991-06-17,9,Design,88500,2019-04-28,
116,Jennifer,Flores,jennifer.flores.116@example-corp.com,Female,1986-11-20,12,Executive,180191,2022-01-17,
117,Robert,Thomas,robert.thomas.117@example-corp.com,Male,1980-09-17,6,Sales,50212,2018-08-29,
118,Patricia,Jackson,patricia.jackson.118@example-corp.com,Female,1984-01-29,1,Engineering,59601,2023-01-17,
119,Sandra,Hernandez,sandra.hernandez.119@example-corp.com,Female,1966-07-01,12,Executive,199656,2020-06-04,
120,Robert,Carter,robert.carter.120@example-corp.com,Male,1984-06-06,10,Infrastructure,120720,2019-01-12,
121,Margaret,Harris,margaret.harris.121@example-corp.com,Female,1961-09-10,7,Marketing,59664,2023-04-19,2024-06-21
122,Michelle,Nguyen,michelle.nguyen.122@example-corp.com,Female,1986-12-29,13,Executive,183469,2019-05-21,
123,Matthew,Roberts,matthew.roberts.123@example-corp.com,Male,1961-10-02,5,Human Resources,79018,2021-11-13,
124,Carol,Williams,carol.williams.124@example-corp.com,Female,2003-01-09,2,Engineering,111651,2020-09-27,
125,Barbara,King,barbara.king.125@example-corp.com,Female,1994-03-23,13,Executive,196903,2017-02-27,
126,Robert,Thompson,robert.thompson.126@example-corp.com,Male,1969-10-14,5,Human Resources,79431,2022-06-29,
127,Jennifer,Hernandez,jennifer.hernandez.127@example-corp.com,Female,1995-07-16,14,Administration,54279,2018-02-14,
128,Donna,Thomas,donna.thomas.128@example-corp.com,Female,1965-10-21,14,Administration,47790,2019-01-18,
129,Lisa,Ramirez,lisa.ramirez.129@example-corp.com,Female,1989-02-01,6,Sales,51121,2018-07-16,
130,Michelle,Brown,michelle.brown.130@example-corp.com,Female,1999-01-23,14,Administration,47903,2016-05-02,
131,Mark,Rivera,mark.rivera.131@example-corp.com,Male,1963-12-06,2,Engineering,125149,2022-05-31,
132,Elizabeth,Sanchez,elizabeth.sanchez.132@example-corp.com,Female,1963-04-05,4,Data Science,106983,2016-03-24,
133,Elizabeth,Gonzalez,elizabeth.gonzalez.133@example-corp.com,Female,1970-04-29,5,Human Resources,78370,2023-11-17,
134,Carol,Taylor,carol.taylor.134@example-corp.com,Female,1963-12-23,4,Data Science,112185,2017-07-30,
135,Mary,Baker,mary.baker.135@example-corp.com,Female,1994-07-04,4,Data Science,120075,2023-10-03,
136,Paul,Adams,paul.adams.136@example-corp.com,Male,1991-06-19,1,Engineering,64557,2021-03-25,
137,David,Martin,david.martin.137@example-corp.com,Male,1993-06-12,9,Design,86068,2025-05-20,
138,Kimberly,Anderson,kimberly.anderson.138@example-corp.com,Female,1977-03-19,1,Engineering,54647,2018-07-28,
139,Susan,Taylor,susan.taylor.139@example-corp.com,Female,1982-07-29,5,Human Resources,81605,2021-10-23,
140,Susan,Thompson,susan.thompson.140@example-corp.com,Female,1978-03-03,11,Operations,73451,2016-02-24,
141,Sandra,Johnson,sandra.johnson.141@example-corp.com,Female,1966-03-03,9,Design,85034,2021-11-27,
142,Christopher,Flores,christopher.flores.142@example-corp.com,Male,1972-06-11,3,Product,105184,2025-03-12,
143,Mary,Torres,mary.torres.143@example-corp.com,Female,1964-06-25,3,Product,98636,2020-10-27,
144,Betty,Williams,betty.williams.144@example-corp.com,Female,1963-09-14,6,Sales,54287,2025-09-29,
145,Emily,Roberts,emily.roberts.145@example-corp.com,Female,1986-07-27,10,Infrastructure,117234,2023-10-06,
146,Nancy,Brown,nancy.brown.146@example-corp.com,Female,1965-12-08,12,Executive,210348,2021-01-11,
147,Emily,Sanchez,emily.sanchez.147@example-corp.com,Female,1976-07-23,8,Finance,93225,2023-09-26,
148,Elizabeth,Hill,elizabeth.hill.148@example-corp.com,Female,1996-02-10,11,Operations,76863,2022-10-21,
149,Kevin,King,kevin.king.149@example-corp.com,Male,1976-06-28,6,Sales,54470,2024-02-29,
150,Brian,Brown,brian.brown.150@example-corp.com,Male,1971-01-01,13,Executive,172596,2020-06-24,
151,Carol,Roberts,carol.roberts.151@example-corp.com,Female,1972-02-08,10,Infrastructure,111807,2017-09-28,
152,Nancy,Lewis,nancy.lewis.152@example-corp.com,Female,1995-04-28,13,Executive,205364,2018-04-16,
153,John,Thompson,john.thompson.153@example-corp.com,Male,1984-01-22,5,Human Resources,84277,2021-08-26,2022-02-01
154,Jessica,Clark,jessica.clark.154@example-corp.com,Female,1961-07-02,13,Executive,190446,2025-09-29,
155,Joshua,Clark,joshua.clark.155@example-corp.com,Male,1965-05-21,7,Marketing,52156,2021-08-04,
156,Kimberly,Hill,kimberly.hill.156@example-corp.com,Female,2005-02-13,10,Infrastructure,118895,2020-03-21,
157,Kimberly,Brown,kimberly.brown.157@example-corp.com,Female,1998-02-13,8,Finance,102718,2023-12-15,2025-04-11
158,Karen,White,karen.white.158@example-corp.com,Female,1990-12-04,4,Data Science,109727,2019-02-27,
159,Joseph,Brown,joseph.brown.159@example-corp.com,Male,1977-12-22,5,Human Resources,80650,2020-09-25,
160,Donald,Green,donald.green.160@example-corp.com,Male,1996-09-07,9,Design,84494,2019-10-02,
161,Paul,Martin,paul.martin.161@example-corp.com,Male,1998-11-19,12,Executive,183829,2024-09-18,
162,Kimberly,Allen,kimberly.allen.162@example-corp.com,Female,1991-09-20,8,Finance,89413,2021-02-28,
163,Richard,Ramirez,richard.ramirez.163@example-corp.com,Male,1978-12-22,2,Engineering,115854,2019-02-11,
164,George,Rivera,george.rivera.164@example-corp.com,Male,1965-03-13,12,Executive,213970,2021-11-07,
165,William,Williams,william.williams.165@example-corp.com,Male,2003-12-28,3,Product,106242,2017-09-30,
166,Mary,Campbell,mary.campbell.166@example-corp.com,Female,1982-01-22,12,Executive,186068,2022-08-24,
167,Emily,Sanchez,emily.sanchez.167@example-corp.com,Female,1982-11-15,7,Marketing,55473,2024-07-09,
168,Donna,Taylor,donna.taylor.168@example-corp.com,Female,2005-10-25,12,Executive,192338,2019-07-12,
169,John,Flores,john.flores.169@example-corp.com,Male,1996-06-17,8,Finance,91708,2016-08-02,
170,Emily,Carter,emily.carter.170@example-corp.com,Female,1961-10-15,4,Data Science,101611,2025-01-19,
171,David,Scott,david.scott.171@example-corp.com,Male,1993-04-08,12,Executive,198538,2019-01-04,
172,Patricia,Williams,patricia.williams.172@example-corp.com,Female,1999-10-12,5,Human Resources,72688,2022-07-12,
173,Kevin,Smith,kevin.smith.173@example-corp.com,Male,2004-05-05,14,Administration,51772,2021-03-15,
174,Kevin,Baker,kevin.baker.174@example-corp.com,Male,1975-12-31,5,Human Resources,81643,2021-12-08,
175,Donna,Torres,donna.torres.175@example-corp.com,Female,1967-10-15,4,Data Science,109795,2018-06-17,
176,James,Nguyen,james.nguyen.176@example-corp.com,Male,1967-04-11,10,Infrastructure,119525,2018-06-11,
177,Susan,White,susan.white.177@example-corp.com,Female,1989-06-02,2,Engineering,125013,2020-06-02,
178,Robert,Martin,robert.martin.178@example-corp.com,Male,2002-04-13,6,Sales,48312,2024-02-26,
179,Michelle,Green,michelle.green.179@example-corp.com,Female,1990-10-19,2,Engineering,117298,2017-12-27,
180,Edward,Garcia,edward.garcia.180@example-corp.com,Male,2000-06-15,13,Executive,207477,2017-04-11,
181,Kevin,Sanchez,kevin.sanchez.181@example-corp.com,Male,2002-07-08,1,Engineering,54206,2016-05-28,
182,Brian,Wilson,brian.wilson.182@example-corp.com,Male,1987-09-18,2,Engineering,127814,2018-10-14,
183,Christopher,Scott,christopher.scott.183@example-corp.com,Male,1994-05-13,8,Finance,95480,2019-03-20,
184,Joseph,Hernandez,joseph.hernandez.184@example-corp.com,Male,1979-06-23,4,Data Science,106436,2021-06-22,2022-11-28
185,Richard,King,richard.king.185@example-corp.com,Male,1964-08-05,9,Design,78202,2020-10-24,
186,Donald,Allen,donald.allen.186@example-corp.com,Male,1986-04-10,14,Administration,49030,2023-08-30,2024-11-02
187,Joseph,Davis,joseph.davis.187@example-corp.com,Male,1979-05-09,6,Sales,47470,2025-07-20,
188,David,Hernandez,david.hernandez.188@example-corp.com,Male,1964-05-22,1,Engineering,64555,2017-05-15,
189,Elizabeth,Allen,elizabeth.allen.189@example-corp.com,Female,1994-11-30,9,Design,93168,2025-07-04,
190,Donna,Wilson,donna.wilson.190@example-corp.com,Female,1976-09-23,4,Data Science,120136,2019-05-29,
191,Thomas,Jackson,thomas.jackson.191@example-corp.com,Male,1969-01-28,10,Infrastructure,114168,2023-06-25,
192,Karen,Williams,karen.williams.192@example-corp.com,Female,1988-10-25,10,Infrastructure,123420,2024-08-20,
193,Dorothy,Sanchez,dorothy.sanchez.193@example-corp.com,Female,2003-04-28,9,Design,85923,2021-01-14,
194,Ashley,Anderson,ashley.anderson.194@example-corp.com,Female,1966-02-21,12,Executive,213155,2017-04-24,
195,Betty,Smith,betty.smith.195@example-corp.com,Female,1999-03-26,8,Finance,93219,2023-12-25,
196,Barbara,Thompson,barbara.thompson.196@example-corp.com,Female,1993-12-10,1,Engineering,65478,2019-05-30,
197,Anthony,Thomas,anthony.thomas.197@example-corp.com,Male,2001-06-21,4,Data Science,104911,2020-06-14,
198,Betty,Moore,betty.moore.198@example-corp.com,Female,2002-03-03,1,Engineering,56729,2025-08-04,
199,Ronald,Walker,ronald.walker.199@example-corp.com,Male,1972-01-08,3,Product,95916,2019-09-06,2021-09-03
200,Dorothy,Perez,dorothy.perez.200@example-corp.com,Female,1975-05-14,2,Engineering,121964,2018-12-24,
201,Andrew,Martinez,andrew.martinez.201@example-corp.com,Male,1990-07-24,9,Design,78701,2017-01-06,
202,Barbara,Nguyen,barbara.nguyen.202@example-corp.com,Female,2001-08-24,9,Design,81358,2022-03-25,
203,Jessica,Hill,jessica.hill.203@example-corp.com,Female,1991-09-14,5,Human Resources,79477,2023-02-14,
204,Jessica,Ramirez,jessica.ramirez.204@example-corp.com,Female,1976-12-22,6,Sales,50716,2022-09-14,
205,Daniel,Nguyen,daniel.nguyen.205@example-corp.com,Male,1978-02-23,2,Engineering,113805,2022-03-29,
206,Christopher,Martinez,christopher.martinez.206@example-corp.com,Male,1979-12-03,10,Infrastructure,113646,2024-01-08,
207,Michael,Harris,michael.harris.207@example-corp.com,Male,1970-01-10,2,Engineering,109384,2021-08-23,
208,Donald,Scott,donald.scott.208@example-corp.com,Male,1970-02-27,5,Human Resources,76498,2020-08-29,
209,Patricia,Adams,patricia.adams.209@example-corp.com,Female,1989-01-25,4,Data Science,105348,2023-11-27,
210,Edward,Taylor,edward.taylor.210@example-corp.com,Male,1969-03-04,11,Operations,68484,2019-07-08,2022-05-21
211,Elizabeth,Rodriguez,elizabeth.rodriguez.211@example-corp.com,Female,1974-05-25,4,Data Science,106833,2019-10-21,
212,Paul,Thompson,paul.thompson.212@example-corp.com,Male,1986-04-25,12,Executive,219114,2016-10-08,
213,Paul,Miller,paul.miller.213@example-corp.com,Male,1991-07-12,6,Sales,47307,2018-09-27,
214,Donald,Garcia,donald.garcia.214@example-corp.com,Male,2002-06-23,1,Engineering,56369,2021-11-15,
215,Thomas,Lewis,thomas.lewis.215@example-corp.com,Male,1982-10-29,10,Infrastructure,114226,2023-12-18,
216,Elizabeth,Lewis,elizabeth.lewis.216@example-corp.com,Female,1976-04-06,1,Engineering,63670,2016-03-13,
217,Deborah,Sanchez,deborah.sanchez.217@example-corp.com,Female,1989-08-15,13,Executive,201324,2025-07-04,2025-10-27
218,Linda,Perez,linda.perez.218@example-corp.com,Female,1978-08-24,3,Product,103694,2024-01-26,
219,Kevin,Allen,kevin.allen.219@example-corp.com,Male,1991-12-25,14,Administration,46074,2023-12-17,
220,Betty,Roberts,betty.roberts.220@example-corp.com,Female,1965-06-05,8,Finance,97371,2016-04-13,2020-03-16
221,Jennifer,Jones,jennifer.jones.221@example-corp.com,Female,1999-03-17,14,Administration,54009,2019-03-15,
222,Carol,Harris,carol.harris.222@example-corp.com,Female,2005-12-04,7,Marketing,55861,2021-03-08,
223,Kevin,Walker,kevin.walker.223@example-corp.com,Male,1966-03-17,9,Design,90394,2024-06-17,
224,Kevin,Perez,kevin.perez.224@example-corp.com,Male,1976-09-24,1,Engineering,59764,2018-10-16,
225,Ashley,Rivera,ashley.rivera.225@example-corp.com,Female,1998-11-07,5,Human Resources,74978,2022-09-03,
226,Mark,Gonzalez,mark.gonzalez.226@example-corp.com,Male,1966-02-11,3,Product,100634,2018-05-21,
227,Melissa,Young,melissa.young.227@example-corp.com,Female,1974-06-30,14,Administration,46278,2016-09-03,
228,Linda,Miller,linda.miller.228@example-corp.com,Female,1969-03-04,12,Executive,184197,2016-11-02,
229,Sandra,Scott,sandra.scott.229@example-corp.com,Female,1987-07-30,2,Engineering,108921,2016-04-26,
230,Betty,Sanchez,betty.sanchez.230@example-corp.com,Female,1989-05-24,12,Executive,186259,2017-09-15,
231,Joseph,Johnson,joseph.johnson.231@example-corp.com,Male,1961-09-10,4,Data Science,118295,2016-04-03,
232,Deborah,Flores,deborah.flores.232@example-corp.com,Female,1982-10-26,6,Sales,52248,2022-06-08,
233,Karen,Torres,karen.torres.233@example-corp.com,Female,1977-06-07,4,Data Science,117593,2024-05-04,
234,Susan,Perez,susan.perez.234@example-corp.com,Female,1962-02-17,9,Design,93108,2019-07-03,
235,George,Moore,george.moore.235@example-corp.com,Male,1985-12-13,3,Product,96800,2019-03-18,
236,Donna,Rodriguez,donna.rodriguez.236@example-corp.com,Female,1996-07-03,10,Infrastructure,103983,2020-10-02,
237,Linda,Thompson,linda.thompson.237@example-corp.com,Female,1962-01-15,5,Human Resources,79325,2019-03-22,
238,Andrew,Flores,andrew.flores.238@example-corp.com,Male,1985-07-21,13,Executive,176716,2025-09-08,
239,Melissa,Carter,melissa.carter.239@example-corp.com,Female,2000-10-01,10,Infrastructure,116229,2023-10-23,
240,Matthew,Perez,matthew.perez.240@example-corp.com,Male,1961-05-02,14,Administration,48997,2022-06-11,
241,Nancy,Davis,nancy.davis.241@example-corp.com,Female,1999-12-30,12,Executive,211560,2020-07-24,
242,Jennifer,Martinez,jennifer.martinez.242@example-corp.com,Female,2004-12-11,4,Data Science,111268,2017-04-17,
243,George,Thompson,george.thompson.243@example-corp.com,Male,1964-02-12,13,Executive,194677,2019-01-05,
244,Steven,Allen,steven.allen.244@example-corp.com,Male,2004-03-09,4,Data Science,107219,2016-06-28,
245,Michelle,Jones,michelle.jones.245@example-corp.com,Female,1974-11-26,11,Operations,64697,2018-09-23,
246,Donna,Rodriguez,donna.rodriguez.246@example-corp.com,Female,1981-11-19,14,Administration,49787,2016-04-06,
247,Andrew,Carter,andrew.carter.247@example-corp.com,Male,1967-05-11,13,Executive,204490,2024-10-12,
248,Emily,Wright,emily.wright.248@example-corp.com,Female,1999-01-30,6,Sales,46817,2019-04-13,2019-06-07
249,Sarah,Lee,sarah.lee.249@example-corp.com,Female,1981-07-21,9,Design,77935,2019-06-14,
250,Dorothy,Jackson,dorothy.jackson.250@example-corp.com,Female,1979-09-12,11,Operations,71357,2020-07-06,2024-07-20
251,Steven,Hernandez,steven.hernandez.251@example-corp.com,Male,1996-01-25,9,Design,77284,2023-10-13,2025-08-04
252,Dorothy,Jackson,dorothy.jackson.252@example-corp.com,Female,1967-08-29,2,Engineering,116400,2019-12-24,
253,Mary,Martin,mary.martin.253@example-corp.com,Female,1972-02-01,11,Operations,67775,2024-01-26,
254,John,Garcia,john.garcia.254@example-corp.com,Male,1993-08-07,7,Marketing,56394,2018-03-12,2026-01-26
255,George,Brown,george.brown.255@example-corp.com,Male,1967-09-25,9,Design,85622,2018-08-18,
256,Emily,Hernandez,emily.hernandez.256@example-corp.com,Female,1977-11-19,10,Infrastructure,121636,2024-09-10,
257,Jennifer,Allen,jennifer.allen.257@example-corp.com,Female,1992-06-26,7,Marketing,49944,2019-08-20,
258,Jessica,Scott,jessica.scott.258@example-corp.com,Female,1976-07-06,8,Finance,97264,2019-12-11,
259,Ronald,Lewis,ronald.lewis.259@example-corp.com,Male,1969-03-30,8,Finance,100292,2021-12-23,
260,Deborah,Taylor,deborah.taylor.260@example-corp.com,Female,1970-01-11,11,Operations,75812,2020-09-25,
261,Barbara,Walker,barbara.walker.261@example-corp.com,Female,1996-08-30,13,Executive,173837,2017-10-26,
262,Mary,Smith,mary.smith.262@example-corp.com,Female,1986-10-17,5,Human Resources,82585,2022-09-14,
263,Susan,Taylor,susan.taylor.263@example-corp.com,Female,1980-07-21,4,Data Science,100483,2018-04-02,
264,Daniel,Ramirez,daniel.ramirez.264@example-corp.com,Male,1983-11-29,7,Marketing,55037,2017-02-06,2025-11-19
265,Thomas,Brown,thomas.brown.265@example-corp.com,Male,1972-04-14,8,Finance,101194,2025-08-21,
266,Michelle,Carter,michelle.carter.266@example-corp.com,Female,1990-10-09,6,Sales,50993,2019-02-01,
267,Steven,Miller,steven.miller.267@example-corp.com,Male,2004-12-03,6,Sales,49970,2024-07-12,
268,Christopher,Smith,christopher.smith.268@example-corp.com,Male,1992-07-18,14,Administration,52915,2021-05-15,
269,Margaret,Allen,margaret.allen.269@example-corp.com,Female,1986-10-07,14,Administration,54600,2024-09-02,2025-06-17
270,Linda,Walker,linda.walker.270@example-corp.com,Female,1996-05-04,8,Finance,90027,2021-04-07,
271,Matthew,Flores,matthew.flores.271@example-corp.com,Male,1968-03-31,2,Engineering,118035,2022-05-22,
272,Joseph,King,joseph.king.272@example-corp.com,Male,1967-12-22,9,Design,92944,2020-06-25,
273,Mark,Wilson,mark.wilson.273@example-corp.com,Male,1983-08-21,6,Sales,54132,2023-02-02,
274,Ronald,Hernandez,ronald.hernandez.274@example-corp.com,Male,1977-02-14,8,Finance,90046,2024-03-24,
275,James,Green,james.green.275@example-corp.com,Male,1986-03-05,11,Operations,75044,2016-09-25,
276,George,King,george.king.276@example-corp.com,Male,2004-07-01,12,Executive,184799,2023-04-28,
277,Melissa,Sanchez,melissa.sanchez.277@example-corp.com,Female,1994-05-30,1,Engineering,59133,2021-10-24,
278,Elizabeth,Johnson,elizabeth.johnson.278@example-corp.com,Female,1995-02-14,1,Engineering,59958,2019-01-25,
279,Robert,Green,robert.green.279@example-corp.com,Male,1974-07-28,6,Sales,51089,2019-07-21,
280,Elizabeth,White,elizabeth.white.280@example-corp.com,Female,1980-09-21,3,Product,105517,2017-06-24,
281,James,Johnson,james.johnson.281@example-corp.com,Male,1962-10-15,12,Executive,199206,2017-11-03,
282,Matthew,Walker,matthew.walker.282@example-corp.com,Male,1987-11-13,11,Operations,72586,2019-10-26,
283,Elizabeth,Mitchell,elizabeth.mitchell.283@example-corp.com,Female,1989-01-27,3,Product,102206,2023-02-13,
284,Linda,Wilson,linda.wilson.284@example-corp.com,Female,1970-07-26,2,Engineering,125241,2017-05-01,
285,Michelle,Thompson,michelle.thompson.285@example-corp.com,Female,1973-11-18,11,Operations,74917,2024-09-11,
286,Emily,Davis,emily.davis.286@example-corp.com,Female,1994-04-06,7,Marketing,59765,2017-10-07,
287,Karen,Gonzalez,karen.gonzalez.287@example-corp.com,Female,1981-01-16,12,Executive,193830,2019-06-03,
288,Lisa,Garcia,lisa.garcia.288@example-corp.com,Female,1978-03-12,8,Finance,103932,2020-05-14,
289,Brian,Miller,brian.miller.289@example-corp.com,Male,2006-01-31,5,Human Resources,80472,2017-05-19,
290,Thomas,Miller,thomas.miller.290@example-corp.com,Male,1979-10-30,3,Product,106632,2025-08-13,
291,William,Walker,william.walker.291@example-corp.com,Male,1981-09-11,13,Executive,173005,2017-11-17,
292,William,Roberts,william.roberts.292@example-corp.com,Male,1961-04-02,12,Executive,200465,2024-12-11,
293,Charles,Garcia,charles.garcia.293@example-corp.com,Male,1971-10-21,7,Marketing,55300,2024-10-29,
294,Donald,Brown,donald.brown.294@example-corp.com,Male,2000-01-24,13,Executive,201714,2022-04-08,
295,Donna,Gonzalez,donna.gonzalez.295@example-corp.com,Female,1976-08-26,11,Operations,64887,2023-01-11,
296,Matthew,Baker,matthew.baker.296@example-corp.com,Male,1974-08-23,14,Administration,51405,2020-11-28,
297,Emily,Lopez,emily.lopez.297@example-corp.com,Female,2003-11-15,10,Infrastructure,104387,2017-08-21,2022-07-12
298,Ashley,Hall,ashley.hall.298@example-corp.com,Female,1970-02-10,6,Sales,45023,2022-06-18,
299,Edward,Sanchez,edward.sanchez.299@example-corp.com,Male,2001-06-15,1,Engineering,60362,2023-10-12,
300,Brian,Garcia,brian.garcia.300@example-corp.com,Male,1989-09-16,5,Human Resources,87390,2017-12-22,
301,Richard,White,richard.white.301@example-corp.com,Male,1994-06-07,3,Product,96156,2020-12-01,
302,Kimberly,Moore,kimberly.moore.302@example-corp.com,Female,1962-05-03,13,Executive,190288,2023-03-16,
303,John,Davis,john.davis.303@example-corp.com,Male,1974-02-25,8,Finance,97197,2025-03-27,
304,Kimberly,Nelson,kimberly.nelson.304@example-corp.com,Female,1989-01-19,10,Infrastructure,109927,2024-11-29,
305,Jessica,Harris,jessica.harris.305@example-corp.com,Female,1970-03-28,4,Data Science,106458,2019-11-19,
306,George,Flores,george.flores.306@example-corp.com,Male,1996-01-11,1,Engineering,65230,2025-04-28,2025-10-20
307,Nancy,Brown,nancy.brown.307@example-corp.com,Female,2003-03-08,2,Engineering,121671,2025-06-14,
308,Donna,Nelson,donna.nelson.308@example-corp.com,Female,1990-12-20,3,Product,103788,2018-03-18,
309,John,Flores,john.flores.309@example-corp.com,Male,1999-07-16,8,Finance,87142,2023-06-20,
310,Christopher,White,christopher.white.310@example-corp.com,Male,2002-11-03,11,Operations,66365,2021-05-09,
311,Deborah,Thomas,deborah.thomas.311@example-corp.com,Female,1974-04-02,11,Operations,72753,2022-03-07,
312,Jessica,Sanchez,jessica.sanchez.312@example-corp.com,Female,1991-05-19,6,Sales,52947,2022-12-24,
313,Dorothy,Hall,dorothy.hall.313@example-corp.com,Female,1995-05-15,6,Sales,51054,2021-04-25,
314,William,Hernandez,william.hernandez.314@example-corp.com,Male,1975-07-23,12,Executive,183891,2016-09-10,
315,Charles,Campbell,charles.campbell.315@example-corp.com,Male,1961-08-19,9,Design,88001,2016-04-08,
316,Robert,Harris,robert.harris.316@example-corp.com,Male,1963-06-13,13,Executive,202765,2025-10-22,
317,Daniel,Rodriguez,daniel.rodriguez.317@example-corp.com,Male,1971-12-03,7,Marketing,53825,2017-12-11,
318,Karen,Garcia,karen.garcia.318@example-corp.com,Female,1991-09-06,1,Engineering,57264,2017-07-15,
319,Margaret,Nelson,margaret.nelson.319@example-corp.com,Female,1994-01-07,3,Product,105692,2024-03-01,
320,Joseph,Nguyen,joseph.nguyen.320@example-corp.com,Male,1978-11-11,13,Executive,197310,2016-06-27,
321,Sandra,Torres,sandra.torres.321@example-corp.com,Female,1979-09-09,13,Executive,180112,2020-07-28,
322,John,Walker,john.walker.322@example-corp.com,Male,1998-11-03,13,Executive,178950,2021-08-23,
323,Patricia,Perez,patricia.perez.323@example-corp.com,Female,1997-04-17,14,Administration,45185,2018-10-29,
324,Sarah,Young,sarah.young.324@example-corp.com,Female,1972-02-05,12,Executive,204240,2018-02-08,
325,Emily,Gonzalez,emily.gonzalez.325@example-corp.com,Female,1991-11-08,1,Engineering,60741,2016-08-20,
326,Thomas,Anderson,thomas.anderson.326@example-corp.com,Male,1989-12-20,3,Product,109135,2018-05-04,
327,Nancy,Young,nancy.young.327@example-corp.com,Female,1985-08-29,14,Administration,54462,2021-03-18,
328,Linda,Martin,linda.martin.328@example-corp.com,Female,1968-12-19,8,Finance,87940,2021-08-06,
329,Kevin,Taylor,kevin.taylor.329@example-corp.com,Male,2005-12-17,5,Human Resources,80925,2017-02-09,
330,Kevin,Brown,kevin.brown.330@example-corp.com,Male,1992-02-04,8,Finance,102058,2019-01-06,
331,Sarah,Roberts,sarah.roberts.331@example-corp.com,Female,1989-05-26,1,Engineering,56541,2025-11-02,
332,Edward,Thomas,edward.thomas.332@example-corp.com,Male,1995-08-09,13,Executive,205723,2016-09-02,
333,Andrew,Nguyen,andrew.nguyen.333@example-corp.com,Male,1984-10-22,8,Finance,93005,2023-03-21,
334,Betty,Hernandez,betty.hernandez.334@example-corp.com,Female,1972-07-18,4,Data Science,115197,2024-03-13,
335,Andrew,Hill,andrew.hill.335@example-corp.com,Male,1981-07-08,8,Finance,88030,2021-10-22,
336,Melissa,Clark,melissa.clark.336@example-corp.com,Female,1993-03-07,2,Engineering,128003,2020-08-08,
337,Amanda,Harris,amanda.harris.337@example-corp.com,Female,2002-07-07,13,Executive,185239,2020-01-27,2023-03-27
338,Michael,Sanchez,michael.sanchez.338@example-corp.com,Male,1999-06-01,8,Finance,89748,2019-08-26,
339,Joshua,Hernandez,joshua.hernandez.339@example-corp.com,Male,1978-09-09,3,Product,93574,2023-01-11,
340,David,Hill,david.hill.340@example-corp.com,Male,1983-11-30,7,Marketing,60163,2018-01-18,
341,Nancy,King,nancy.king.341@example-corp.com,Female,1991-01-04,3,Product,98812,2019-11-02,
342,Joseph,Perez,joseph.perez.342@example-corp.com,Male,1996-02-07,10,Infrastructure,115014,2017-09-19,
343,Michael,Roberts,michael.roberts.343@example-corp.com,Male,1989-02-03,11,Operations,73650,2021-06-06,
344,Ronald,Campbell,ronald.campbell.344@example-corp.com,Male,2003-01-03,6,Sales,54874,2020-12-18,
345,Daniel,Garcia,daniel.garcia.345@example-corp.com,Male,1976-05-13,12,Executive,204674,2023-05-27,
346,Joshua,Baker,joshua.baker.346@example-corp.com,Male,1964-11-16,14,Administration,53527,2021-12-12,2025-02-10
347,Karen,Lewis,karen.lewis.347@example-corp.com,Female,1976-01-02,10,Infrastructure,117610,2022-07-02,
348,Susan,Moore,susan.moore.348@example-corp.com,Female,1976-01-13,1,Engineering,63521,2018-08-06,
349,Matthew,Allen,matthew.allen.349@example-corp.com,Male,2002-02-11,8,Finance,95630,2022-02-06,
350,James,Thomas,james.thomas.350@example-corp.com,Male,1964-06-07,5,Human Resources,74789,2018-02-07,2021-12-02
351,Richard,Walker,richard.walker.351@example-corp.com,Male,1984-08-04,9,Design,93361,2024-02-01,2026-01-07
352,Steven,Rodriguez,steven.rodriguez.352@example-corp.com,Male,1999-11-19,2,Engineering,123267,2016-04-05,
353,Deborah,Hall,deborah.hall.353@example-corp.com,Female,1961-04-10,3,Product,105897,2019-02-07,
354,Ashley,Thomas,ashley.thomas.354@example-corp.com,Female,1985-07-09,7,Marketing,52809,2020-01-15,
355,Edward,Roberts,edward.roberts.355@example-corp.com,Male,1995-05-23,11,Operations,69707,2016-08-01,
356,Dorothy,Robinson,dorothy.robinson.356@example-corp.com,Female,1968-08-31,4,Data Science,102525,2018-05-07,
357,Brian,Walker,brian.walker.357@example-corp.com,Male,1963-10-13,7,Marketing,58645,2024-01-05,2025-08-16
358,Jessica,Rodriguez,jessica.rodriguez.358@example-corp.com,Female,1985-09-24,1,Engineering,65078,2023-05-12,
359,Ashley,Johnson,ashley.johnson.359@example-corp.com,Female,1975-06-04,13,Executive,188186,2024-08-16,
360,Charles,Gonzalez,charles.gonzalez.360@example-corp.com,Male,1992-11-13,7,Marketing,55458,2019-12-01,
361,Jessica,Adams,jessica.adams.361@example-corp.com,Female,1971-01-22,2,Engineering,126859,2022-11-18,
362,Donna,Taylor,donna.taylor.362@example-corp.com,Female,1981-07-22,12,Executive,208558,2022-10-03,
363,Elizabeth,Baker,elizabeth.baker.363@example-corp.com,Female,1979-07-24,3,Product,92145,2023-09-07,
364,Andrew,Clark,andrew.clark.364@example-corp.com,Male,1973-10-09,6,Sales,53097,2018-04-10,
365,Richard,Lee,richard.lee.365@example-corp.com,Male,1985-06-08,4,Data Science,102166,2023-11-14,
366,George,Nguyen,george.nguyen.366@example-corp.com,Male,1965-12-21,9,Design,85543,2019-07-23,
367,Kevin,Mitchell,kevin.mitchell.367@example-corp.com,Male,1979-10-31,12,Executive,197455,2017-10-26,
368,Lisa,Adams,lisa.adams.368@example-corp.com,Female,1973-03-31,8,Finance,102454,2025-12-31,
369,Charles,Lopez,charles.lopez.369@example-corp.com,Male,1992-06-30,10,Infrastructure,107696,2021-08-14,
370,Robert,Roberts,robert.roberts.370@example-corp.com,Male,2000-11-17,14,Administration,47912,2021-09-20,2025-05-29
371,Karen,King,karen.king.371@example-corp.com,Female,1988-11-24,14,Administration,45899,2024-08-28,
372,Thomas,Martin,thomas.martin.372@example-corp.com,Male,1975-11-18,4,Data Science,101623,2021-05-08,
373,Nancy,Campbell,nancy.campbell.373@example-corp.com,Female,1981-08-18,9,Design,79408,2022-06-24,
374,Lisa,Williams,lisa.williams.374@example-corp.com,Female,2004-04-03,6,Sales,53613,2023-06-06,
375,Sarah,Rivera,sarah.rivera.375@example-corp.com,Female,1993-06-08,8,Finance,86853,2023-07-08,
376,Brian,Hill,brian.hill.376@example-corp.com,Male,1992-05-09,6,Sales,47310,2016-07-23,
377,Donald,Lewis,donald.lewis.377@example-corp.com,Male,1985-12-29,6,Sales,49931,2020-04-14,2025-01-09
378,Steven,Wilson,steven.wilson.378@example-corp.com,Male,1976-09-01,10,Infrastructure,106616,2023-03-08,2025-09-25
379,John,Lopez,john.lopez.379@example-corp.com,Male,1981-05-24,13,Executive,187401,2016-03-03,
380,Christopher,Lee,christopher.lee.380@example-corp.com,Male,1965-11-19,8,Finance,91908,2022-09-27,
381,Robert,Rodriguez,robert.rodriguez.381@example-corp.com,Male,1970-08-07,10,Infrastructure,122689,2020-10-24,
382,Edward,Wilson,edward.wilson.382@example-corp.com,Male,1990-03-28,11,Operations,67362,2025-06-14,
383,Joseph,Baker,joseph.baker.383@example-corp.com,Male,1972-10-19,10,Infrastructure,106701,2019-12-24,
384,Joshua,Johnson,joshua.johnson.384@example-corp.com,Male,1998-01-31,3,Product,97434,2017-01-29,
385,Amanda,Scott,amanda.scott.385@example-corp.com,Female,2005-08-14,10,Infrastructure,114706,2023-01-27,2024-03-22
386,Charles,Green,charles.green.386@example-corp.com,Male,1972-04-19,10,Infrastructure,114122,2018-06-12,
387,Dorothy,Hernandez,dorothy.hernandez.387@example-corp.com,Female,1998-02-04,12,Executive,212351,2024-07-27,
388,Carol,Garcia,carol.garcia.388@example-corp.com,Female,1969-04-08,7,Marketing,57303,2025-01-21,
389,Carol,Martinez,carol.martinez.389@example-corp.com,Female,1984-06-27,10,Infrastructure,109208,2017-05-11,
390,Lisa,Nguyen,lisa.nguyen.390@example-corp.com,Female,1969-03-08,4,Data Science,117892,2022-03-29,
391,Matthew,Brown,matthew.brown.391@example-corp.com,Male,1974-09-06,6,Sales,47222,2025-03-20,
392,Jessica,Wilson,jessica.wilson.392@example-corp.com,Female,1974-06-09,5,Human Resources,84493,2022-12-27,
393,Melissa,Lewis,melissa.lewis.393@example-corp.com,Female,1990-12-08,10,Infrastructure,113794,2021-12-17,
394,Ronald,Lee,ronald.lee.394@example-corp.com,Male,1997-02-03,6,Sales,51430,2022-11-26,
395,Carol,Baker,carol.baker.395@example-corp.com,Female,1974-05-05,1,Engineering,58168,2021-11-06,
396,Thomas,Walker,thomas.walker.396@example-corp.com,Male,1974-04-22,4,Data Science,107427,2019-07-12,
397,Donald,Baker,donald.baker.397@example-corp.com,Male,1961-12-11,8,Finance,97659,2024-11-02,
398,Donna,Torres,donna.torres.398@example-corp.com,Female,1993-11-28,4,Data Science,117938,2019-06-12,
399,Mary,Smith,mary.smith.399@example-corp.com,Female,1980-11-03,9,Design,87214,2016-09-09,
400,James,Walker,james.walker.400@example-corp.com,Male,1980-10-31,12,Executive,207227,2021-11-28,
401,Charles,Carter,charles.carter.401@example-corp.com,Male,1989-09-26,9,Design,80852,2018-03-19,
402,Michael,Harris,michael.harris.402@example-corp.com,Male,1963-11-17,11,Operations,63681,2023-04-07,
403,Ronald,Wilson,ronald.wilson.403@example-corp.com,Male,1976-07-29,1,Engineering,61883,2025-06-29,
404,Ronald,Taylor,ronald.taylor.404@example-corp.com,Male,1975-12-23,3,Product,101883,2025-07-18,
405,Brian,Carter,brian.carter.405@example-corp.com,Male,1974-08-17,12,Executive,214854,2022-08-29,
406,Dorothy,Carter,dorothy.carter.406@example-corp.com,Female,1981-12-18,4,Data Science,112398,2023-02-24,
407,James,King,james.king.407@example-corp.com,Male,1997-07-20,4,Data Science,118244,2020-08-31,2025-10-22
408,Kimberly,Nelson,kimberly.nelson.408@example-corp.com,Female,1992-12-08,7,Marketing,54717,2025-02-12,
409,Robert,Johnson,robert.johnson.409@example-corp.com,Male,1980-10-17,7,Marketing,54167,2019-05-23,
410,Michelle,Walker,michelle.walker.410@example-corp.com,Female,1993-04-30,4,Data Science,111774,2016-11-09,
411,Susan,Rivera,susan.rivera.411@example-corp.com,Female,1999-05-30,3,Product,103224,2025-04-01,
412,Karen,Wilson,karen.wilson.412@example-corp.com,Female,2000-06-11,3,Product,93827,2023-08-24,
413,Michael,Lee,michael.lee.413@example-corp.com,Male,1998-04-12,7,Marketing,51043,2021-06-14,
414,Anthony,King,anthony.king.414@example-corp.com,Male,1966-09-20,5,Human Resources,86974,2017-02-06,
415,Patricia,Walker,patricia.walker.415@example-corp.com,Female,1969-09-06,3,Product,100110,2021-03-14,
416,Charles,Adams,charles.adams.416@example-corp.com,Male,1966-09-11,2,Engineering,115597,2017-04-07,
417,Anthony,Ramirez,anthony.ramirez.417@example-corp.com,Male,1997-03-06,11,Operations,71865,2020-06-22,
418,Lisa,Torres,lisa.torres.418@example-corp.com,Female,1967-08-20,6,Sales,51163,2018-12-07,
419,Sandra,Taylor,sandra.taylor.419@example-corp.com,Female,1970-10-22,7,Marketing,51676,2017-07-26,
420,John,Scott,john.scott.420@example-corp.com,Male,1984-05-24,5,Human Resources,86172,2018-02-16,
421,Jessica,Hall,jessica.hall.421@example-corp.com,Female,1990-10-28,13,Executive,175593,2023-10-14,
422,James,Thompson,james.thompson.422@example-corp.com,Male,1981-09-30,3,Product,95549,2024-10-30,
423,William,Wright,william.wright.423@example-corp.com,Male,1963-11-21,10,Infrastructure,109827,2018-11-10,
424,Margaret,Martinez,margaret.martinez.424@example-corp.com,Female,1983-03-04,10,Infrastructure,123295,2023-02-13,
425,Richard,Lopez,richard.lopez.425@example-corp.com,Male,1973-01-28,11,Operations,68922,2021-08-30,
426,Karen,Wright,karen.wright.426@example-corp.com,Female,1969-01-20,4,Data Science,102618,2024-03-11,
427,Kimberly,Martinez,kimberly.martinez.427@example-corp.com,Female,1980-05-27,10,Infrastructure,112790,2016-08-28,
428,Patricia,Baker,patricia.baker.428@example-corp.com,Female,1964-08-21,5,Human Resources,79261,2025-01-29,
429,Andrew,Scott,andrew.scott.429@example-corp.com,Male,2000-10-31,8,Finance,97614,2022-11-13,
430,Susan,Martinez,susan.martinez.430@example-corp.com,Female,1993-08-29,7,Marketing,57911,2021-03-19,
431,Mary,Rivera,mary.rivera.431@example-corp.com,Female,1999-07-25,14,Administration,50508,2024-08-18,2025-09-28
432,Betty,Thompson,betty.thompson.432@example-corp.com,Female,1963-11-20,11,Operations,76101,2020-05-05,
433,Barbara,Martinez,barbara.martinez.433@example-corp.com,Female,1969-03-19,9,Design,80628,2023-12-24,
434,William,Hall,william.hall.434@example-corp.com,Male,1991-03-11,4,Data Science,102451,2017-01-15,2017-09-19
435,Linda,Johnson,linda.johnson.435@example-corp.com,Female,1963-11-07,5,Human Resources,82220,2021-10-12,
436,Edward,Lewis,edward.lewis.436@example-corp.com,Male,1985-02-26,9,Design,90433,2025-05-18,2025-05-28
437,Sandra,Thompson,sandra.thompson.437@example-corp.com,Female,1988-11-27,8,Finance,103765,2023-04-02,
438,George,Miller,george.miller.438@example-corp.com,Male,1976-07-18,3,Product,107530,2024-04-16,
439,Mary,Smith,mary.smith.439@example-corp.com,Female,1985-04-14,10,Infrastructure,104340,2017-12-22,
440,Donald,Garcia,donald.garcia.440@example-corp.com,Male,1990-05-24,3,Product,95874,2023-05-07,
441,Margaret,Johnson,margaret.johnson.441@example-corp.com,Female,1966-03-26,8,Finance,94410,2016-08-12,
442,Emily,Sanchez,emily.sanchez.442@example-corp.com,Female,1978-12-31,6,Sales,48222,2021-04-08,
443,Michael,Anderson,michael.anderson.443@example-corp.com,Male,1969-12-16,7,Marketing,51537,2020-01-02,
444,Melissa,Jackson,melissa.jackson.444@example-corp.com,Female,2002-01-10,5,Human Resources,87995,2017-02-16,
445,Thomas,Lopez,thomas.lopez.445@example-corp.com,Male,1971-05-20,13,Executive,191821,2019-09-10,
446,Edward,Green,edward.green.446@example-corp.com,Male,1966-06-30,5,Human Resources,85236,2018-09-27,2019-05-21
447,Deborah,Carter,deborah.carter.447@example-corp.com,Female,1969-08-15,6,Sales,53095,2017-09-19,
448,Kimberly,Walker,kimberly.walker.448@example-corp.com,Female,1998-07-15,7,Marketing,56015,2020-11-13,
449,Michael,Lopez,michael.lopez.449@example-corp.com,Male,1989-09-23,9,Design,83632,2020-08-20,
450,Lisa,Rodriguez,lisa.rodriguez.450@example-corp.com,Female,2001-11-01,13,Executive,181580,2016-06-10,
451,Brian,Lewis,brian.lewis.451@example-corp.com,Male,1975-11-17,10,Infrastructure,119692,2021-08-15,
452,Richard,Wilson,richard.wilson.452@example-corp.com,Male,1994-08-21,5,Human Resources,86950,2022-11-24,
453,Sandra,Rivera,sandra.rivera.453@example-corp.com,Female,1974-01-08,1,Engineering,58212,2019-03-30,
454,Margaret,Rodriguez,margaret.rodriguez.454@example-corp.com,Female,1973-12-09,13,Executive,200132,2017-01-21,
455,Ashley,Anderson,ashley.anderson.455@example-corp.com,Female,1989-05-18,6,Sales,51901,2023-06-14,
456,Elizabeth,White,elizabeth.white.456@example-corp.com,Female,1965-01-16,14,Administration,48317,2023-12-11,
457,Nancy,Baker,nancy.baker.457@example-corp.com,Female,2002-02-06,7,Marketing,49840,2016-04-02,
458,Karen,Harris,karen.harris.458@example-corp.com,Female,1967-07-21,1,Engineering,56158,2023-04-05,
459,Melissa,Garcia,melissa.garcia.459@example-corp.com,Female,1976-03-06,11,Operations,69023,2023-04-30,
460,Michael,Clark,michael.clark.460@example-corp.com,Male,1972-10-24,1,Engineering,57749,2023-08-15,
461,Edward,Adams,edward.adams.461@example-corp.com,Male,2004-02-19,10,Infrastructure,105791,2021-08-23,
462,Lisa,Perez,lisa.perez.462@example-corp.com,Female,1972-03-08,4,Data Science,111141,2018-09-22,2024-05-31
463,Patricia,Torres,patricia.torres.463@example-corp.com,Female,2003-08-04,7,Marketing,53055,2016-11-28,
464,Sarah,Perez,sarah.perez.464@example-corp.com,Female,1999-05-03,10,Infrastructure,111612,2025-07-07,
465,Donna,Jackson,donna.jackson.465@example-corp.com,Female,1971-04-10,12,Executive,204057,2024-08-07,
466,Ashley,Johnson,ashley.johnson.466@example-corp.com,Female,1984-04-25,14,Administration,48983,2017-11-02,
467,Linda,Gonzalez,linda.gonzalez.467@example-corp.com,Female,1985-05-22,2,Engineering,116233,2018-02-14,
468,Ronald,Lopez,ronald.lopez.468@example-corp.com,Male,1967-11-09,12,Executive,209558,2022-08-30,
469,Lisa,Adams,lisa.adams.469@example-corp.com,Female,1966-02-19,10,Infrastructure,107032,2024-06-03,
470,Susan,Young,susan.young.470@example-corp.com,Female,2000-06-30,10,Infrastructure,116289,2022-08-31,
471,Jennifer,Baker,jennifer.baker.471@example-corp.com,Female,1965-11-06,10,Infrastructure,123932,2025-03-16,
472,Kimberly,Miller,kimberly.miller.472@example-corp.com,Female,1965-06-12,13,Executive,195620,2023-02-08,
473,Charles,Sanchez,charles.sanchez.473@example-corp.com,Male,1973-05-23,8,Finance,88392,2025-11-12,
474,Susan,Martin,susan.martin.474@example-corp.com,Female,1982-05-18,11,Operations,69530,2017-09-10,
475,Patricia,Rivera,patricia.rivera.475@example-corp.com,Female,1976-05-14,5,Human Resources,79470,2024-10-11,
476,Elizabeth,Adams,elizabeth.adams.476@example-corp.com,Female,1982-08-24,12,Executive,196902,2017-03-07,
477,Paul,Lewis,paul.lewis.477@example-corp.com,Male,1996-03-12,1,Engineering,58593,2018-02-11,
478,Sandra,Garcia,sandra.garcia.478@example-corp.com,Female,1988-07-31,14,Administration,50069,2023-09-11,
479,Melissa,Moore,melissa.moore.479@example-corp.com,Female,1981-12-19,9,Design,88714,2017-10-23,
480,Elizabeth,Hall,elizabeth.hall.480@example-corp.com,Female,2005-09-20,13,Executive,201152,2025-06-01,2026-01-14
481,Charles,Carter,charles.carter.481@example-corp.com,Male,1987-05-30,3,Product,93563,2018-06-23,
482,Joseph,Torres,joseph.torres.482@example-corp.com,Male,2001-05-13,8,Finance,96023,2025-01-19,
483,Kimberly,Harris,kimberly.harris.483@example-corp.com,Female,1968-05-26,9,Design,80456,2018-09-27,
484,Donna,Flores,donna.flores.484@example-corp.com,Female,1989-12-15,9,Design,82335,2024-12-24,2025-07-15
485,Daniel,Sanchez,daniel.sanchez.485@example-corp.com,Male,1969-03-19,14,Administration,53816,2024-07-02,
486,Donald,Taylor,donald.taylor.486@example-corp.com,Male,1986-10-01,10,Infrastructure,120978,2021-11-18,
487,George,Torres,george.torres.487@example-corp.com,Male,2005-01-08,11,Operations,69759,2019-02-25,
488,Margaret,Gonzalez,margaret.gonzalez.488@example-corp.com,Female,1984-05-26,8,Finance,86878,2017-09-11,
489,Mark,Rodriguez,mark.rodriguez.489@example-corp.com,Male,1980-02-15,10,Infrastructure,109358,2018-04-21,
490,Ashley,Williams,ashley.williams.490@example-corp.com,Female,1985-04-07,11,Operations,69615,2024-03-16,
491,Karen,Taylor,karen.taylor.491@example-corp.com,Female,1979-01-20,7,Marketing,52383,2024-09-06,
492,Dorothy,Mitchell,dorothy.mitchell.492@example-corp.com,Female,1984-12-13,4,Data Science,111183,2017-10-02,
493,William,Wilson,william.wilson.493@example-corp.com,Male,1987-01-11,1,Engineering,54606,2025-12-14,
494,Deborah,Hill,deborah.hill.494@example-corp.com,Female,1977-08-07,10,Infrastructure,116599,2016-03-02,
495,Matthew,Campbell,matthew.campbell.495@example-corp.com,Male,1973-04-25,8,Finance,101495,2017-08-18,2021-11-01
496,James,Smith,james.smith.496@example-corp.com,Male,1983-10-01,10,Infrastructure,116743,2018-09-24,
497,Susan,Martinez,susan.martinez.497@example-corp.com,Female,1964-05-15,7,Marketing,57412,2025-08-03,
498,John,Martin,john.martin.498@example-corp.com,Male,1984-02-13,14,Administration,50651,2025-04-07,
499,Edward,King,edward.king.499@example-corp.com,Male,1964-08-17,2,Engineering,114977,2025-05-07,
500,Barbara,Wright,barbara.wright.500@example-corp.com,Female,1985-06-16,4,Data Science,119527,2018-06-26,
501,Sarah,Brown,sarah.brown.501@example-corp.com,Female,1978-05-13,1,Engineering,65672,2017-07-11,
502,Richard,Davis,richard.davis.502@example-corp.com,Male,1974-04-26,4,Data Science,110117,2021-02-27,
503,Matthew,Roberts,matthew.roberts.503@example-corp.com,Male,1972-02-19,7,Marketing,59844,2021-02-25,
504,Amanda,Hall,amanda.hall.504@example-corp.com,Female,1969-02-06,7,Marketing,50444,2019-04-21,
505,Jessica,Gonzalez,jessica.gonzalez.505@example-corp.com,Female,1979-05-25,13,Executive,174696,2022-01-02,
506,Kevin,Clark,kevin.clark.506@example-corp.com,Male,1976-02-24,12,Executive,184612,2023-07-09,
507,Karen,Hall,karen.hall.507@example-corp.com,Female,1992-06-07,1,Engineering,57301,2018-12-19,
508,Carol,Baker,carol.baker.508@example-corp.com,Female,1970-04-26,12,Executive,215501,2017-08-06,
509,Edward,Martin,edward.martin.509@example-corp.com,Male,1968-05-13,4,Data Science,117686,2021-02-13,
510,Charles,Gonzalez,charles.gonzalez.510@example-corp.com,Male,1979-05-30,2,Engineering,111650,2024-05-18,2025-08-08
511,Donald,Torres,donald.torres.511@example-corp.com,Male,1971-11-16,9,Design,89376,2020-02-01,
512,Lisa,Anderson,lisa.anderson.512@example-corp.com,Female,1993-03-17,5,Human Resources,74273,2023-12-03,
513,Linda,Robinson,linda.robinson.513@example-corp.com,Female,1963-06-21,4,Data Science,120539,2025-08-19,
514,Joshua,Clark,joshua.clark.514@example-corp.com,Male,1967-10-27,3,Product,104138,2016-12-01,
515,Matthew,Nguyen,matthew.nguyen.515@example-corp.com,Male,1967-10-29,2,Engineering,116866,2024-01-05,
516,Donald,Lopez,donald.lopez.516@example-corp.com,Male,1970-02-13,4,Data Science,113257,2023-12-31,
517,Patricia,Flores,patricia.flores.517@example-corp.com,Female,1977-03-31,4,Data Science,108062,2025-04-10,
518,Matthew,Williams,matthew.williams.518@example-corp.com,Male,1971-07-02,8,Finance,95967,2017-10-21,
519,Ashley,Sanchez,ashley.sanchez.519@example-corp.com,Female,1997-04-22,6,Sales,45951,2016-06-20,
520,Amanda,White,amanda.white.520@example-corp.com,Female,1977-05-11,2,Engineering,127684,2017-02-12,
521,Deborah,Hernandez,deborah.hernandez.521@example-corp.com,Female,1971-07-11,3,Product,96028,2019-10-09,
522,John,Carter,john.carter.522@example-corp.com,Male,1977-06-01,9,Design,81763,2017-12-21,
523,Carol,Wilson,carol.wilson.523@example-corp.com,Female,1983-06-14,12,Executive,190764,2019-04-23,
524,Dorothy,Clark,dorothy.clark.524@example-corp.com,Female,2004-02-16,4,Data Science,113643,2024-06-09,
525,Mark,Lee,mark.lee.525@example-corp.com,Male,1980-11-15,4,Data Science,101333,2023-08-17,
526,Mary,Gonzalez,mary.gonzalez.526@example-corp.com,Female,1971-01-01,2,Engineering,129727,2016-12-03,
527,George,Nelson,george.nelson.527@example-corp.com,Male,1971-08-26,7,Marketing,51321,2020-02-22,
528,George,Flores,george.flores.528@example-corp.com,Male,1966-09-13,12,Executive,185850,2022-05-05,
529,Mary,Campbell,mary.campbell.529@example-corp.com,Female,1990-05-13,14,Administration,52758,2017-02-05,
530,Mary,Smith,mary.smith.530@example-corp.com,Female,1974-07-26,5,Human Resources,72056,2021-12-14,
531,Jessica,Flores,jessica.flores.531@example-corp.com,Female,2003-10-05,6,Sales,49215,2017-10-03,
532,Susan,Lee,susan.lee.532@example-corp.com,Female,2005-08-31,14,Administration,48388,2023-03-26,
533,Michael,King,michael.king.533@example-corp.com,Male,1984-09-11,6,Sales,45061,2025-03-30,
534,Karen,Brown,karen.brown.534@example-corp.com,Female,2003-03-29,11,Operations,72551,2024-08-19,
535,Ashley,Johnson,ashley.johnson.535@example-corp.com,Female,1977-09-11,14,Administration,50730,2016-03-21,
536,Jessica,Torres,jessica.torres.536@example-corp.com,Female,1962-03-11,8,Finance,102027,2020-02-27,
537,Amanda,Rivera,amanda.rivera.537@example-corp.com,Female,1973-09-05,6,Sales,48109,2019-07-11,
538,Kimberly,Mitchell,kimberly.mitchell.538@example-corp.com,Female,1969-08-26,2,Engineering,125738,2023-11-13,
539,Amanda,White,amanda.white.539@example-corp.com,Female,1996-10-31,6,Sales,48928,2017-07-12,
540,Steven,Young,steven.young.540@example-corp.com,Male,2005-08-24,8,Finance,98738,2025-04-09,
541,Carol,Wilson,carol.wilson.541@example-corp.com,Female,1977-01-06,12,Executive,210671,2022-08-18,
542,Michelle,Green,michelle.green.542@example-corp.com,Female,2000-12-30,6,Sales,50292,2023-09-02,
543,Sarah,Wilson,sarah.wilson.543@example-corp.com,Female,1993-11-01,3,Product,98365,2016-11-30,
544,Edward,Taylor,edward.taylor.544@example-corp.com,Male,1967-09-01,10,Infrastructure,112283,2021-08-29,
545,Michael,Walker,michael.walker.545@example-corp.com,Male,1989-03-14,5,Human Resources,81871,2018-07-31,
546,George,Smith,george.smith.546@example-corp.com,Male,1979-10-09,10,Infrastructure,126153,2022-12-18,
547,Jessica,Nelson,jessica.nelson.547@example-corp.com,Female,2005-05-30,2,Engineering,110335,2018-09-07,
548,Steven,Hill,steven.hill.548@example-corp.com,Male,1991-07-13,13,Executive,186710,2019-03-15,
549,Kimberly,Green,kimberly.green.549@example-corp.com,Female,2002-05-25,3,Product,109823,2020-07-14,
550,Patricia,Williams,patricia.williams.550@example-corp.com,Female,1995-02-01,2,Engineering,112126,2017-09-10,
551,Joseph,Smith,joseph.smith.551@example-corp.com,Male,2004-03-16,1,Engineering,60371,2016-06-18,
552,Carol,Campbell,carol.campbell.552@example-corp.com,Female,1981-05-17,10,Infrastructure,107384,2019-06-24,
553,Robert,Carter,robert.carter.553@example-corp.com,Male,2000-06-19,13,Executive,190921,2016-07-15,
554,Paul,Gonzalez,paul.gonzalez.554@example-corp.com,Male,1992-12-24,4,Data Science,102938,2025-11-21,
555,Elizabeth,King,elizabeth.king.555@example-corp.com,Female,2000-08-28,13,Executive,208582,2017-05-26,
556,Richard,Young,richard.young.556@example-corp.com,Male,1995-02-27,9,Design,89949,2020-09-06,
557,Sandra,Sanchez,sandra.sanchez.557@example-corp.com,Female,1980-03-24,2,Engineering,115468,2023-04-03,
558,Karen,Brown,karen.brown.558@example-corp.com,Female,2002-12-15,6,Sales,48738,2025-04-07,
559,Matthew,Adams,matthew.adams.559@example-corp.com,Male,1991-08-16,14,Administration,49271,2021-05-26,
560,James,Nelson,james.nelson.560@example-corp.com,Male,1975-08-01,11,Operations,69663,2025-02-06,
561,Melissa,Walker,melissa.walker.561@example-corp.com,Female,1982-03-25,12,Executive,197652,2023-09-05,
562,Jennifer,Adams,jennifer.adams.562@example-corp.com,Female,1996-09-18,7,Marketing,49517,2018-05-24,
563,Michael,Williams,michael.williams.563@example-corp.com,Male,1975-08-23,4,Data Science,110646,2025-07-17,
564,John,Lopez,john.lopez.564@example-corp.com,Male,1983-07-19,2,Engineering,126211,2022-07-02,
565,Mark,Wilson,mark.wilson.565@example-corp.com,Male,1961-12-28,7,Marketing,53643,2017-06-07,
566,Mark,Allen,mark.allen.566@example-corp.com,Male,1973-10-04,14,Administration,52175,2021-10-05,
567,Kevin,Wilson,kevin.wilson.567@example-corp.com,Male,2004-08-17,7,Marketing,57982,2021-12-08,
568,Amanda,Smith,amanda.smith.568@example-corp.com,Female,1981-05-29,12,Executive,195143,2024-12-17,
569,Donna,Thomas,donna.thomas.569@example-corp.com,Female,1998-08-23,5,Human Resources,81701,2022-10-31,2024-08-14
570,Barbara,Wilson,barbara.wilson.570@example-corp.com,Female,1966-06-28,4,Data Science,114575,2016-07-01,
571,Joshua,Martinez,joshua.martinez.571@example-corp.com,Male,1986-05-20,13,Executive,171940,2022-11-14,
572,Anthony,Thompson,anthony.thompson.572@example-corp.com,Male,1996-03-09,10,Infrastructure,115212,2025-05-23,
573,William,Green,william.green.573@example-corp.com,Male,1998-01-30,5,Human Resources,82916,2017-11-03,
574,Christopher,Clark,christopher.clark.574@example-corp.com,Male,1979-04-21,11,Operations,68238,2022-12-25,
575,Joshua,Johnson,joshua.johnson.575@example-corp.com,Male,1967-06-15,2,Engineering,121941,2022-03-27,
576,James,Brown,james.brown.576@example-corp.com,Male,1982-12-04,7,Marketing,57052,2018-12-31,
577,Richard,Garcia,richard.garcia.577@example-corp.com,Male,2005-04-21,14,Administration,54083,2017-11-01,
578,Christopher,Perez,christopher.perez.578@example-corp.com,Male,1996-07-22,13,Executive,196210,2017-02-17,
579,Kevin,Nguyen,kevin.nguyen.579@example-corp.com,Male,1991-05-14,11,Operations,64555,2016-11-24,
580,Daniel,Robinson,daniel.robinson.580@example-corp.com,Male,1979-01-17,8,Finance,89446,2017-12-03,
581,Michelle,Young,michelle.young.581@example-corp.com,Female,2000-03-09,9,Design,91592,2023-05-10,
582,Ronald,Lewis,ronald.lewis.582@example-corp.com,Male,1981-03-03,1,Engineering,62974,2023-05-05,
583,James,Lee,james.lee.583@example-corp.com,Male,1971-08-25,4,Data Science,102517,2016-03-02,
584,Donald,Baker,donald.baker.584@example-corp.com,Male,2001-04-23,7,Marketing,52610,2024-02-15,
585,Kevin,Carter,kevin.carter.585@example-corp.com,Male,1985-04-11,6,Sales,50183,2023-01-08,
586,Sarah,Nguyen,sarah.nguyen.586@example-corp.com,Female,1977-06-19,6,Sales,54394,2024-07-31,2025-01-28
587,Amanda,Garcia,amanda.garcia.587@example-corp.com,Female,1965-07-15,9,Design,84979,2021-03-24,
588,Matthew,Brown,matthew.brown.588@example-corp.com,Male,1970-07-08,13,Executive,197522,2019-01-20,
589,Christopher,Jackson,christopher.jackson.589@example-corp.com,Male,1970-03-31,8,Finance,90922,2017-02-03,
590,Sandra,Rodriguez,sandra.rodriguez.590@example-corp.com,Female,1974-05-01,8,Finance,99146,2019-06-28,
591,Jessica,Williams,jessica.williams.591@example-corp.com,Female,1970-08-07,12,Executive,190085,2016-05-06,
592,Daniel,King,daniel.king.592@example-corp.com,Male,1979-12-20,11,Operations,65668,2024-02-07,
593,Barbara,Jones,barbara.jones.593@example-corp.com,Female,1992-11-24,11,Operations,69077,2024-04-06,
594,Nancy,White,nancy.white.594@example-corp.com,Female,1970-07-24,11,Operations,76678,2023-10-30,
595,Ronald,Davis,ronald.davis.595@example-corp.com,Male,1965-12-29,9,Design,83745,2020-09-10,
596,Paul,Wilson,paul.wilson.596@example-corp.com,Male,1985-03-30,5,Human Resources,87722,2017-12-06,
597,Carol,Scott,carol.scott.597@example-corp.com,Female,2003-04-01,2,Engineering,120553,2023-09-18,
598,Kimberly,Smith,kimberly.smith.598@example-corp.com,Female,1975-03-28,14,Administration,45217,2021-03-01,
599,Amanda,Martin,amanda.martin.599@example-corp.com,Female,2005-11-28,8,Finance,89885,2023-10-21,
600,James,Davis,james.davis.600@example-corp.com,Male,1975-02-08,12,Executive,189227,2020-10-18,
601,Joshua,Gonzalez,joshua.gonzalez.601@example-corp.com,Male,1995-04-27,8,Finance,101385,2024-10-02,
602,Edward,Perez,edward.perez.602@example-corp.com,Male,1973-01-31,3,Product,105539,2017-02-09,
603,Andrew,Lewis,andrew.lewis.603@example-corp.com,Male,1963-10-08,3,Product,100381,2020-03-22,
604,Barbara,Jackson,barbara.jackson.604@example-corp.com,Female,1964-10-15,12,Executive,182894,2016-10-03,
605,David,Hernandez,david.hernandez.605@example-corp.com,Male,1968-02-21,5,Human Resources,82638,2018-09-30,
606,Linda,Adams,linda.adams.606@example-corp.com,Female,1975-09-13,7,Marketing,50999,2025-03-23,
607,Michelle,Lee,michelle.lee.607@example-corp.com,Female,1983-02-06,9,Design,84833,2019-02-10,
608,Michael,Campbell,michael.campbell.608@example-corp.com,Male,1976-11-11,1,Engineering,60079,2018-08-19,
609,Emily,Smith,emily.smith.609@example-corp.com,Female,1996-09-18,13,Executive,200481,2017-05-24,
610,William,Rivera,william.rivera.610@example-corp.com,Male,1992-10-24,5,Human Resources,82899,2023-03-20,
611,Margaret,Nguyen,margaret.nguyen.611@example-corp.com,Female,1973-04-04,14,Administration,49311,2021-11-12,
612,Paul,Scott,paul.scott.612@example-corp.com,Male,1971-03-15,11,Operations,73253,2025-05-11,
613,Daniel,Ramirez,daniel.ramirez.613@example-corp.com,Male,1961-07-20,13,Executive,172421,2017-05-04,
614,Matthew,Rodriguez,matthew.rodriguez.614@example-corp.com,Male,1974-09-29,10,Infrastructure,117380,2018-06-17,
615,Brian,Johnson,brian.johnson.615@example-corp.com,Male,1964-12-03,9,Design,85781,2016-09-12,
616,Nancy,Rodriguez,nancy.rodriguez.616@example-corp.com,Female,1970-08-28,6,Sales,45595,2021-01-16,
617,James,Sanchez,james.sanchez.617@example-corp.com,Male,1987-08-04,1,Engineering,60680,2021-04-20,
618,Jennifer,Wright,jennifer.wright.618@example-corp.com,Female,1993-09-22,1,Engineering,59711,2018-02-10,
619,Christopher,Torres,christopher.torres.619@example-corp.com,Male,1995-06-03,12,Executive,187289,2017-03-07,
620,James,Moore,james.moore.620@example-corp.com,Male,1975-08-01,14,Administration,53945,2018-05-06,
621,Anthony,Campbell,anthony.campbell.621@example-corp.com,Male,1988-12-02,1,Engineering,62760,2024-03-23,
622,Christopher,Nelson,christopher.nelson.622@example-corp.com,Male,1978-02-14,5,Human Resources,86824,2020-11-19,
623,William,Hill,william.hill.623@example-corp.com,Male,1989-12-24,11,Operations,72788,2025-03-01,
624,Elizabeth,Green,elizabeth.green.624@example-corp.com,Female,1988-11-10,3,Product,103242,2022-01-08,
625,Amanda,Taylor,amanda.taylor.625@example-corp.com,Female,1992-07-12,3,Product,105019,2024-01-25,
626,John,Walker,john.walker.626@example-corp.com,Male,2005-01-26,5,Human Resources,72609,2018-03-08,
627,Ronald,Green,ronald.green.627@example-corp.com,Male,1975-03-09,9,Design,81434,2017-09-13,
628,Michael,Campbell,michael.campbell.628@example-corp.com,Male,2004-06-24,6,Sales,52439,2017-11-06,
629,Deborah,Green,deborah.green.629@example-corp.com,Female,2001-06-18,3,Product,107294,2023-04-29,
630,Carol,Smith,carol.smith.630@example-corp.com,Female,1970-03-04,7,Marketing,52983,2022-07-20,
631,Ashley,Johnson,ashley.johnson.631@example-corp.com,Female,1983-01-29,1,Engineering,63074,2017-05-25,
632,Joshua,Green,joshua.green.632@example-corp.com,Male,1983-07-03,3,Product,108452,2020-02-18,
633,Jessica,Lewis,jessica.lewis.633@example-corp.com,Female,1993-03-21,1,Engineering,61096,2023-09-20,
634,Sandra,Green,sandra.green.634@example-corp.com,Female,2003-04-12,8,Finance,90159,2023-02-11,
635,Anthony,Jones,anthony.jones.635@example-corp.com,Male,1992-07-25,11,Operations,73849,2018-11-09,
636,Christopher,Anderson,christopher.anderson.636@example-corp.com,Male,1966-08-27,7,Marketing,50778,2020-06-04,
637,Margaret,Smith,margaret.smith.637@example-corp.com,Female,1965-05-17,11,Operations,64460,2019-12-20,
638,Anthony,Clark,anthony.clark.638@example-corp.com,Male,1979-06-24,6,Sales,52103,2017-10-07,
639,Christopher,Harris,christopher.harris.639@example-corp.com,Male,1973-07-26,12,Executive,214089,2022-03-02,
640,Nancy,Allen,nancy.allen.640@example-corp.com,Female,1973-05-28,1,Engineering,60926,2021-11-06,
641,Charles,Wright,charles.wright.641@example-corp.com,Male,1962-11-05,6,Sales,54127,2018-02-06,
642,Mark,Clark,mark.clark.642@example-corp.com,Male,1993-12-23,3,Product,100236,2025-10-22,
643,Sandra,Smith,sandra.smith.643@example-corp.com,Female,2001-09-14,12,Executive,219491,2020-08-14,
644,Kevin,Lewis,kevin.lewis.644@example-corp.com,Male,2002-05-10,3,Product,109602,2017-10-12,
645,Matthew,Thompson,matthew.thompson.645@example-corp.com,Male,1984-02-19,1,Engineering,59990,2025-06-07,
646,Karen,Hill,karen.hill.646@example-corp.com,Female,1986-11-09,3,Product,106100,2018-08-10,
647,Margaret,Torres,margaret.torres.647@example-corp.com,Female,1984-02-01,8,Finance,96710,2018-09-22,
648,Sandra,Green,sandra.green.648@example-corp.com,Female,1973-01-18,7,Marketing,58039,2021-04-16,
649,Barbara,Hill,barbara.hill.649@example-corp.com,Female,1966-09-19,14,Administration,52371,2016-10-11,
650,Margaret,Anderson,margaret.anderson.650@example-corp.com,Female,1987-04-02,3,Product,106326,2022-02-19,
651,Joseph,Walker,joseph.walker.651@example-corp.com,Male,2002-11-16,2,Engineering,113565,2023-01-08,
652,David,Hall,david.hall.652@example-corp.com,Male,1980-01-13,1,Engineering,58403,2021-08-15,
653,Christopher,Hall,christopher.hall.653@example-corp.com,Male,1995-12-06,11,Operations,76926,2023-07-15,
654,George,Harris,george.harris.654@example-corp.com,Male,1995-04-17,11,Operations,75553,2021-10-17,
655,William,Hall,william.hall.655@example-corp.com,Male,1978-03-05,6,Sales,47093,2022-10-14,
656,Ashley,Campbell,ashley.campbell.656@example-corp.com,Female,1969-08-17,4,Data Science,100096,2023-01-22,
657,Kevin,Brown,kevin.brown.657@example-corp.com,Male,2002-01-03,6,Sales,48272,2021-03-03,
658,Anthony,Jackson,anthony.jackson.658@example-corp.com,Male,1980-04-27,9,Design,93444,2023-06-21,
659,Dorothy,Gonzalez,dorothy.gonzalez.659@example-corp.com,Female,2005-06-23,7,Marketing,57240,2020-05-18,
660,Mark,Wilson,mark.wilson.660@example-corp.com,Male,1979-01-14,2,Engineering,110540,2018-02-12,
661,Andrew,Perez,andrew.perez.661@example-corp.com,Male,1962-05-26,11,Operations,66647,2024-08-13,
662,Ashley,Lee,ashley.lee.662@example-corp.com,Female,1993-11-21,2,Engineering,126522,2020-11-30,
663,Donald,Smith,donald.smith.663@example-corp.com,Male,1976-06-04,3,Product,109073,2020-05-04,
664,Sarah,Hill,sarah.hill.664@example-corp.com,Female,1965-08-15,5,Human Resources,76233,2016-02-25,
665,Daniel,Lee,daniel.lee.665@example-corp.com,Male,1987-08-27,11,Operations,69973,2024-03-12,
666,James,Ramirez,james.ramirez.666@example-corp.com,Male,1993-08-22,8,Finance,86342,2024-03-18,
667,Daniel,Jackson,daniel.jackson.667@example-corp.com,Male,1979-01-19,10,Infrastructure,108307,2021-12-03,
668,Nancy,Wilson,nancy.wilson.668@example-corp.com,Female,1979-06-13,4,Data Science,120523,2020-01-18,
669,Brian,Nelson,brian.nelson.669@example-corp.com,Male,1964-12-18,7,Marketing,60424,2016-10-21,
670,Mary,Williams,mary.williams.670@example-corp.com,Female,1974-12-30,11,Operations,67163,2023-12-05,
671,Michael,Wright,michael.wright.671@example-corp.com,Male,1964-10-29,9,Design,81665,2019-07-19,
672,George,Rodriguez,george.rodriguez.672@example-corp.com,Male,2003-05-31,9,Design,80002,2020-05-13,
673,Jennifer,Clark,jennifer.clark.673@example-corp.com,Female,1968-09-02,2,Engineering,128080,2022-08-11,
674,Thomas,Anderson,thomas.anderson.674@example-corp.com,Male,1971-03-13,14,Administration,46827,2016-08-20,
675,Robert,Wright,robert.wright.675@example-corp.com,Male,1964-12-01,1,Engineering,63104,2017-11-29,
676,Betty,Allen,betty.allen.676@example-corp.com,Female,1990-10-04,4,Data Science,112116,2018-01-09,2023-11-12
677,Deborah,Johnson,deborah.johnson.677@example-corp.com,Female,1988-10-24,7,Marketing,57394,2020-01-05,
678,Melissa,Hernandez,melissa.hernandez.678@example-corp.com,Female,1996-12-05,5,Human Resources,78463,2024-01-04,
679,Deborah,Rivera,deborah.rivera.679@example-corp.com,Female,1986-11-05,14,Administration,53402,2017-12-22,
680,Andrew,Davis,andrew.davis.680@example-corp.com,Male,1970-04-09,11,Operations,68469,2019-07-15,
681,Emily,Taylor,emily.taylor.681@example-corp.com,Female,2005-10-24,4,Data Science,110468,2025-03-02,
682,Karen,Adams,karen.adams.682@example-corp.com,Female,1974-10-09,9,Design,92633,2016-03-30,
683,Sandra,Adams,sandra.adams.683@example-corp.com,Female,1990-06-18,13,Executive,198923,2016-07-30,
684,Barbara,Perez,barbara.perez.684@example-corp.com,Female,1976-12-15,4,Data Science,102498,2021-06-02,
685,Linda,Garcia,linda.garcia.685@example-corp.com,Female,1964-10-28,1,Engineering,54320,2023-07-18,
686,Sarah,Clark,sarah.clark.686@example-corp.com,Female,1997-11-17,8,Finance,99843,2020-09-07,
687,Patricia,Walker,patricia.walker.687@example-corp.com,Female,1993-11-12,3,Product,100731,2023-08-15,2024-05-20
688,Joseph,Moore,joseph.moore.688@example-corp.com,Male,1998-05-27,5,Human Resources,81511,2017-05-07,
689,Karen,Campbell,karen.campbell.689@example-corp.com,Female,1982-08-19,12,Executive,200846,2021-05-13,
690,Ashley,Thompson,ashley.thompson.690@example-corp.com,Female,1985-05-07,4,Data Science,99019,2021-06-23,
691,Sandra,Rivera,sandra.rivera.691@example-corp.com,Female,1967-10-12,8,Finance,100588,2020-04-02,
692,Mark,Thomas,mark.thomas.692@example-corp.com,Male,1966-12-14,10,Infrastructure,109583,2022-03-04,
693,Sarah,Wright,sarah.wright.693@example-corp.com,Female,1972-02-02,11,Operations,72105,2025-08-14,
694,Mark,Campbell,mark.campbell.694@example-corp.com,Male,1990-01-08,9,Design,78919,2025-11-22,
695,Barbara,Mitchell,barbara.mitchell.695@example-corp.com,Female,2002-10-01,3,Product,99335,2018-04-27,
696,Amanda,Roberts,amanda.roberts.696@example-corp.com,Female,2002-10-06,3,Product,106646,2022-01-29,
697,Daniel,Ramirez,daniel.ramirez.697@example-corp.com,Male,1976-04-25,8,Finance,93536,2018-02-14,2018-06-12
698,Anthony,King,anthony.king.698@example-corp.com,Male,1997-03-05,1,Engineering,57095,2023-05-14,
699,Ashley,Davis,ashley.davis.699@example-corp.com,Female,1966-07-26,11,Operations,66404,2016-08-31,
700,Karen,Clark,karen.clark.700@example-corp.com,Female,1999-08-23,10,Infrastructure,120836,2017-09-15,
701,Donna,Carter,donna.carter.701@example-corp.com,Female,2000-09-23,3,Product,93721,2022-01-04,
702,Thomas,Martinez,thomas.martinez.702@example-corp.com,Male,1999-04-26,14,Administration,48451,2018-03-13,
703,Carol,Thompson,carol.thompson.703@example-corp.com,Female,1972-05-07,3,Product,91109,2021-06-22,
704,Kevin,Williams,kevin.williams.704@example-corp.com,Male,2000-03-27,5,Human Resources,82767,2025-12-26,
705,Jennifer,Davis,jennifer.davis.705@example-corp.com,Female,1983-09-27,6,Sales,46991,2019-11-08,
706,Joseph,Clark,joseph.clark.706@example-corp.com,Male,1982-08-13,5,Human Resources,85845,2018-10-25,
707,Sarah,Young,sarah.young.707@example-corp.com,Female,1965-01-10,4,Data Science,108024,2018-03-26,
708,Susan,Sanchez,susan.sanchez.708@example-corp.com,Female,1996-07-07,4,Data Science,103718,2023-11-22,
709,Patricia,Martinez,patricia.martinez.709@example-corp.com,Female,1965-07-23,4,Data Science,112142,2016-09-25,
710,Melissa,White,melissa.white.710@example-corp.com,Female,2004-06-25,5,Human Resources,75582,2018-01-06,
711,Anthony,Wright,anthony.wright.711@example-corp.com,Male,1998-08-05,3,Product,109278,2023-09-05,
712,Joseph,Baker,joseph.baker.712@example-corp.com,Male,1965-05-18,11,Operations,69130,2021-02-17,
713,Emily,Lopez,emily.lopez.713@example-corp.com,Female,1964-08-25,11,Operations,69350,2025-06-02,
714,Joseph,Rivera,joseph.rivera.714@example-corp.com,Male,1983-08-07,1,Engineering,65089,2018-08-10,
715,Daniel,White,daniel.white.715@example-corp.com,Male,1994-12-12,3,Product,92003,2022-01-04,
716,George,Anderson,george.anderson.716@example-corp.com,Male,2001-05-19,11,Operations,68739,2022-08-07,2025-04-28
717,Richard,Sanchez,richard.sanchez.717@example-corp.com,Male,1998-12-27,7,Marketing,54542,2019-08-29,
718,Kevin,Nelson,kevin.nelson.718@example-corp.com,Male,1966-12-15,7,Marketing,49759,2016-07-15,
719,Betty,Nguyen,betty.nguyen.719@example-corp.com,Female,2006-01-05,14,Administration,45044,2024-10-09,
720,Ashley,Thomas,ashley.thomas.720@example-corp.com,Female,1988-05-24,3,Product,101728,2016-09-15,
721,Betty,Torres,betty.torres.721@example-corp.com,Female,1987-06-02,10,Infrastructure,103618,2022-02-13,
722,Margaret,Jones,margaret.jones.722@example-corp.com,Female,1981-01-11,7,Marketing,59295,2024-01-22,
723,James,Green,james.green.723@example-corp.com,Male,1978-12-27,10,Infrastructure,121015,2020-03-20,
724,Melissa,Flores,melissa.flores.724@example-corp.com,Female,1996-05-30,12,Executive,217239,2020-10-09,
725,Edward,Ramirez,edward.ramirez.725@example-corp.com,Male,1961-08-01,9,Design,83303,2024-10-30,
726,James,Davis,james.davis.726@example-corp.com,Male,2000-07-04,4,Data Science,107282,2025-10-06,
727,Mark,Nelson,mark.nelson.727@example-corp.com,Male,1971-02-19,14,Administration,53357,2019-01-26,
728,Paul,Young,paul.young.728@example-corp.com,Male,1992-06-01,11,Operations,70656,2016-11-11,
729,Matthew,Walker,matthew.walker.729@example-corp.com,Male,1980-06-13,14,Administration,50957,2025-01-06,
730,Deborah,Wright,deborah.wright.730@example-corp.com,Female,2005-11-04,12,Executive,205070,2024-12-05,
731,Charles,Lewis,charles.lewis.731@example-corp.com,Male,1987-01-27,12,Executive,189130,2019-03-05,
732,Mary,Hall,mary.hall.732@example-corp.com,Female,1977-01-03,3,Product,107008,2017-06-17,
733,Emily,Sanchez,emily.sanchez.733@example-corp.com,Female,2004-10-15,6,Sales,48326,2022-09-29,
734,James,Wright,james.wright.734@example-corp.com,Male,1988-10-22,9,Design,79711,2018-04-15,
735,Sandra,Martin,sandra.martin.735@example-corp.com,Female,1974-09-21,3,Product,109908,2025-11-14,2025-12-06
736,Karen,Hill,karen.hill.736@example-corp.com,Female,1969-04-29,13,Executive,207803,2018-06-02,
737,George,Johnson,george.johnson.737@example-corp.com,Male,1991-08-07,11,Operations,67618,2018-02-01,
738,Elizabeth,Jackson,elizabeth.jackson.738@example-corp.com,Female,1996-02-07,5,Human Resources,75723,2023-11-12,
739,Andrew,Young,andrew.young.739@example-corp.com,Male,2003-12-02,3,Product,107280,2025-02-06,
740,Kevin,Hall,kevin.hall.740@example-corp.com,Male,1995-09-01,12,Executive,217907,2024-06-04,
741,Kevin,Moore,kevin.moore.741@example-corp.com,Male,1974-01-04,12,Executive,187233,2021-06-04,
742,Andrew,Harris,andrew.harris.742@example-corp.com,Male,1986-04-21,7,Marketing,57033,2025-05-26,
743,Thomas,Thompson,thomas.thompson.743@example-corp.com,Male,1998-08-02,3,Product,107797,2025-11-17,
744,Elizabeth,Brown,elizabeth.brown.744@example-corp.com,Female,1983-04-03,7,Marketing,49739,2016-07-14,
745,Sarah,Adams,sarah.adams.745@example-corp.com,Female,1998-04-17,8,Finance,94516,2025-10-18,
746,Charles,Carter,charles.carter.746@example-corp.com,Male,1964-06-18,14,Administration,45837,2018-11-14,
747,Michelle,Ramirez,michelle.ramirez.747@example-corp.com,Female,1989-12-28,8,Finance,89678,2020-04-15,
748,Susan,Carter,susan.carter.748@example-corp.com,Female,1995-01-21,9,Design,88601,2022-09-09,
749,John,Mitchell,john.mitchell.749@example-corp.com,Male,1989-08-22,3,Product,106874,2021-11-16,
750,Melissa,Campbell,melissa.campbell.750@example-corp.com,Female,1984-11-01,3,Product,106235,2025-11-19,
751,Betty,Lee,betty.lee.751@example-corp.com,Female,1967-03-14,4,Data Science,111176,2022-08-01,
752,William,Allen,william.allen.752@example-corp.com,Male,1968-04-14,9,Design,84777,2016-12-09,
753,Linda,Anderson,linda.anderson.753@example-corp.com,Female,1983-10-29,5,Human Resources,79250,2018-09-13,
754,Thomas,Roberts,thomas.roberts.754@example-corp.com,Male,1977-01-06,13,Executive,181137,2018-11-05,
755,Paul,Lopez,paul.lopez.755@example-corp.com,Male,2003-02-28,12,Executive,184895,2022-03-31,
756,Daniel,King,daniel.king.756@example-corp.com,Male,1984-08-09,12,Executive,187368,2021-06-27,
757,Ashley,Walker,ashley.walker.757@example-corp.com,Female,1982-12-20,8,Finance,86591,2024-11-25,
758,Linda,Hall,linda.hall.758@example-corp.com,Female,1972-04-13,10,Infrastructure,118812,2025-08-10,
759,Dorothy,Lee,dorothy.lee.759@example-corp.com,Female,1963-03-25,6,Sales,45246,2018-10-18,
760,Carol,Lee,carol.lee.760@example-corp.com,Female,1976-11-04,6,Sales,53451,2022-09-25,2024-07-24
761,Jennifer,Lopez,jennifer.lopez.761@example-corp.com,Female,1974-04-24,7,Marketing,52871,2023-03-25,
762,William,Mitchell,william.mitchell.762@example-corp.com,Male,1987-03-13,14,Administration,46888,2021-09-28,
763,Brian,Carter,brian.carter.763@example-corp.com,Male,2000-02-13,14,Administration,50822,2022-08-13,
764,Karen,Moore,karen.moore.764@example-corp.com,Female,2001-09-06,5,Human Resources,76773,2024-11-21,
765,Betty,Allen,betty.allen.765@example-corp.com,Female,1989-05-15,5,Human Resources,75902,2016-06-27,
766,Melissa,Mitchell,melissa.mitchell.766@example-corp.com,Female,1997-11-06,7,Marketing,58789,2019-01-16,
767,Ashley,Rodriguez,ashley.rodriguez.767@example-corp.com,Female,1971-03-18,3,Product,109369,2020-11-13,
768,Jessica,Wright,jessica.wright.768@example-corp.com,Female,1997-04-13,10,Infrastructure,114368,2018-11-02,
769,Sandra,Perez,sandra.perez.769@example-corp.com,Female,1968-01-23,9,Design,81856,2024-11-30,
770,Deborah,Flores,deborah.flores.770@example-corp.com,Female,2001-11-12,10,Infrastructure,113302,2025-03-31,
771,Elizabeth,Flores,elizabeth.flores.771@example-corp.com,Female,2002-11-15,14,Administration,53258,2024-06-23,
772,Donald,Young,donald.young.772@example-corp.com,Male,1967-01-12,4,Data Science,101786,2017-10-03,
773,Lisa,Gonzalez,lisa.gonzalez.773@example-corp.com,Female,1966-07-23,1,Engineering,64140,2021-09-27,
774,William,Gonzalez,william.gonzalez.774@example-corp.com,Male,1975-08-04,9,Design,86760,2024-09-29,
775,Nancy,Wilson,nancy.wilson.775@example-corp.com,Female,1995-09-16,13,Executive,179975,2025-11-01,
776,Matthew,Wilson,matthew.wilson.776@example-corp.com,Male,1983-02-24,8,Finance,99571,2018-01-04,
777,Ronald,Campbell,ronald.campbell.777@example-corp.com,Male,2002-01-01,9,Design,77911,2016-06-25,
778,Michelle,Mitchell,michelle.mitchell.778@example-corp.com,Female,1985-09-28,1,Engineering,55793,2020-08-21,
779,Richard,Nguyen,richard.nguyen.779@example-corp.com,Male,1993-10-07,3,Product,99497,2020-04-20,
780,William,Flores,william.flores.780@example-corp.com,Male,1993-11-01,10,Infrastructure,114840,2024-02-18,
781,Ronald,Hall,ronald.hall.781@example-corp.com,Male,2000-01-24,12,Executive,213315,2025-10-24,
782,Ronald,Lee,ronald.lee.782@example-corp.com,Male,1991-08-14,12,Executive,208335,2023-12-13,
783,Deborah,Wright,deborah.wright.783@example-corp.com,Female,1966-02-19,12,Executive,202296,2019-10-28,
784,Melissa,Davis,melissa.davis.784@example-corp.com,Female,2000-08-27,11,Operations,70662,2017-03-08,
785,Lisa,Flores,lisa.flores.785@example-corp.com,Female,1962-09-25,1,Engineering,54163,2025-03-27,
786,Margaret,Rivera,margaret.rivera.786@example-corp.com,Female,1989-03-26,3,Product,96170,2022-08-18,
787,Susan,Green,susan.green.787@example-corp.com,Female,1965-03-28,14,Administration,48405,2024-09-14,
788,Edward,Nguyen,edward.nguyen.788@example-corp.com,Male,1995-07-18,1,Engineering,56003,2019-02-22,
789,Susan,Martin,susan.martin.789@example-corp.com,Female,1995-06-15,12,Executive,217635,2021-03-02,
790,Mark,Garcia,mark.garcia.790@example-corp.com,Male,1963-06-25,8,Finance,96626,2022-05-03,
791,Patricia,Martinez,patricia.martinez.791@example-corp.com,Female,1969-08-22,2,Engineering,128001,2019-01-02,
792,Mary,Miller,mary.miller.792@example-corp.com,Female,1971-02-25,14,Administration,49315,2016-10-28,
793,Emily,Clark,emily.clark.793@example-corp.com,Female,1975-12-20,1,Engineering,58072,2025-05-05,
794,Sandra,Thomas,sandra.thomas.794@example-corp.com,Female,1992-11-15,7,Marketing,52653,2025-09-20,
795,Betty,Campbell,betty.campbell.795@example-corp.com,Female,1990-10-05,13,Executive,187762,2018-11-20,
796,Mary,Allen,mary.allen.796@example-corp.com,Female,1996-12-16,13,Executive,194208,2019-01-03,2024-02-06
797,Donald,Wright,donald.wright.797@example-corp.com,Male,1961-07-22,5,Human Resources,78514,2024-07-05,
798,Emily,Lewis,emily.lewis.798@example-corp.com,Female,1991-05-15,8,Finance,97166,2016-12-28,
799,George,Roberts,george.roberts.799@example-corp.com,Male,1969-09-16,12,Executive,188655,2019-10-24,
800,Joshua,Jackson,joshua.jackson.800@example-corp.com,Male,1978-02-05,12,Executive,212198,2024-01-10,
801,Joshua,Hernandez,joshua.hernandez.801@example-corp.com,Male,1990-11-20,4,Data Science,114665,2022-03-05,
802,Jessica,Moore,jessica.moore.802@example-corp.com,Female,1962-11-26,6,Sales,45423,2020-12-11,
803,William,Garcia,william.garcia.803@example-corp.com,Male,1991-07-25,5,Human Resources,75677,2026-01-29,2026-01-29
804,Patricia,Lopez,patricia.lopez.804@example-corp.com,Female,2005-08-15,10,Infrastructure,112284,2016-10-04,
805,James,Martinez,james.martinez.805@example-corp.com,Male,1997-01-10,11,Operations,70672,2017-04-29,
806,Michael,Taylor,michael.taylor.806@example-corp.com,Male,1983-11-26,1,Engineering,56251,2024-05-11,
807,Melissa,Walker,melissa.walker.807@example-corp.com,Female,1979-07-15,14,Administration,47828,2025-09-03,
808,Patricia,Jones,patricia.jones.808@example-corp.com,Female,2000-02-12,2,Engineering,127482,2020-01-23,
809,Patricia,Williams,patricia.williams.809@example-corp.com,Female,1974-01-07,13,Executive,200080,2023-09-30,
810,Carol,Hall,carol.hall.810@example-corp.com,Female,1979-09-06,12,Executive,193178,2024-09-11,
811,Steven,Nelson,steven.nelson.811@example-corp.com,Male,1990-12-14,8,Finance,93363,2016-05-22,
812,Charles,Wilson,charles.wilson.812@example-corp.com,Male,1988-03-16,8,Finance,91132,2021-10-11,
813,Dorothy,Campbell,dorothy.campbell.813@example-corp.com,Female,1997-12-24,10,Infrastructure,115546,2022-08-03,
814,Carol,Mitchell,carol.mitchell.814@example-corp.com,Female,1979-03-14,2,Engineering,121410,2021-12-10,2024-10-05
815,Nancy,Young,nancy.young.815@example-corp.com,Female,1988-04-30,4,Data Science,116238,2018-02-10,
816,Linda,Carter,linda.carter.816@example-corp.com,Female,1986-11-24,13,Executive,206304,2020-07-17,2023-07-31
817,Edward,Torres,edward.torres.817@example-corp.com,Male,1989-11-17,9,Design,76933,2017-05-24,
818,Carol,King,carol.king.818@example-corp.com,Female,1969-10-11,1,Engineering,65319,2016-03-20,2022-10-06
819,Dorothy,Scott,dorothy.scott.819@example-corp.com,Female,1989-11-10,3,Product,95229,2022-03-24,
820,Amanda,Ramirez,amanda.ramirez.820@example-corp.com,Female,1994-05-01,1,Engineering,54588,2025-08-05,
821,Andrew,Flores,andrew.flores.821@example-corp.com,Male,1988-05-15,5,Human Resources,74279,2023-09-13,
822,Karen,Smith,karen.smith.822@example-corp.com,Female,2005-07-14,13,Executive,192215,2024-09-22,
823,Betty,Torres,betty.torres.823@example-corp.com,Female,2004-08-01,4,Data Science,105185,2022-08-24,
824,Donna,Thompson,donna.thompson.824@example-corp.com,Female,1977-08-28,8,Finance,98410,2018-04-01,
825,Kimberly,Walker,kimberly.walker.825@example-corp.com,Female,1961-09-03,7,Marketing,53382,2019-01-10,
826,Paul,Lopez,paul.lopez.826@example-corp.com,Male,1975-04-08,6,Sales,46114,2023-03-10,
827,Andrew,Jackson,andrew.jackson.827@example-corp.com,Male,1969-11-06,5,Human Resources,86149,2024-01-12,
828,Daniel,Walker,daniel.walker.828@example-corp.com,Male,1985-06-12,14,Administration,54094,2021-03-14,
829,Donna,Nguyen,donna.nguyen.829@example-corp.com,Female,1966-09-22,3,Product,92591,2017-11-09,
830,Anthony,Green,anthony.green.830@example-corp.com,Male,1979-07-08,5,Human Resources,83314,2019-12-12,
831,Kevin,Moore,kevin.moore.831@example-corp.com,Male,1987-03-18,13,Executive,181764,2017-03-24,
832,Ronald,Nguyen,ronald.nguyen.832@example-corp.com,Male,1966-05-21,9,Design,77476,2020-03-20,
833,Patricia,Smith,patricia.smith.833@example-corp.com,Female,1991-06-23,13,Executive,194600,2024-05-20,2025-01-03
834,Andrew,Lee,andrew.lee.834@example-corp.com,Male,1965-12-23,3,Product,100321,2019-12-23,
835,Donna,Lee,donna.lee.835@example-corp.com,Female,1972-01-17,10,Infrastructure,105238,2020-08-20,
836,Ashley,Mitchell,ashley.mitchell.836@example-corp.com,Female,1963-09-13,1,Engineering,59240,2019-01-23,
837,Sandra,Garcia,sandra.garcia.837@example-corp.com,Female,1999-10-04,9,Design,88802,2018-09-21,
838,Karen,Hill,karen.hill.838@example-corp.com,Female,1961-06-23,11,Operations,66029,2020-03-09,
839,Robert,Garcia,robert.garcia.839@example-corp.com,Male,1962-01-04,13,Executive,207597,2026-01-05,
840,Charles,Flores,charles.flores.840@example-corp.com,Male,1969-03-12,2,Engineering,126270,2016-03-08,
841,George,Taylor,george.taylor.841@example-corp.com,Male,1999-05-19,5,Human Resources,82876,2021-11-26,
842,John,Thomas,john.thomas.842@example-corp.com,Male,1987-02-25,6,Sales,53637,2016-09-25,
843,Jessica,Lee,jessica.lee.843@example-corp.com,Female,1969-04-19,7,Marketing,50716,2023-10-17,
844,Jennifer,Johnson,jennifer.johnson.844@example-corp.com,Female,2005-03-06,12,Executive,199696,2018-07-12,2024-10-11
845,Charles,Thompson,charles.thompson.845@example-corp.com,Male,1983-04-09,9,Design,84614,2024-12-27,
846,Sandra,Martin,sandra.martin.846@example-corp.com,Female,2003-05-14,7,Marketing,55148,2024-06-16,2025-06-08
847,Ronald,Torres,ronald.torres.847@example-corp.com,Male,1970-10-29,8,Finance,104267,2019-02-03,
848,Emily,Lopez,emily.lopez.848@example-corp.com,Female,1999-01-08,10,Infrastructure,114406,2025-06-01,
849,Susan,Rodriguez,susan.rodriguez.849@example-corp.com,Female,1973-04-08,10,Infrastructure,118268,2024-12-07,
850,Daniel,Torres,daniel.torres.850@example-corp.com,Male,1978-01-08,3,Product,90019,2021-07-11,
851,Donald,White,donald.white.851@example-corp.com,Male,1961-08-24,10,Infrastructure,116983,2017-11-02,
852,Ashley,Mitchell,ashley.mitchell.852@example-corp.com,Female,1974-07-22,10,Infrastructure,119981,2025-09-04,2026-01-28
853,Kevin,Jackson,kevin.jackson.853@example-corp.com,Male,1990-03-30,3,Product,93456,2019-12-04,
854,Carol,Martin,carol.martin.854@example-corp.com,Female,1987-12-15,14,Administration,47719,2016-02-10,
855,Joshua,Anderson,joshua.anderson.855@example-corp.com,Male,1962-06-09,12,Executive,188204,2025-03-31,
856,Michelle,Torres,michelle.torres.856@example-corp.com,Female,2005-04-24,14,Administration,48111,2016-12-22,
857,William,Mitchell,william.mitchell.857@example-corp.com,Male,1966-06-06,3,Product,95444,2019-10-18,
858,George,Martinez,george.martinez.858@example-corp.com,Male,1983-09-02,14,Administration,54583,2024-09-07,
859,Robert,Brown,robert.brown.859@example-corp.com,Male,1976-05-30,3,Product,107263,2022-12-18,
860,Melissa,Gonzalez,melissa.gonzalez.860@example-corp.com,Female,1971-12-19,13,Executive,195076,2018-01-09,
861,Margaret,Martin,margaret.martin.861@example-corp.com,Female,1973-11-20,8,Finance,100049,2022-12-12,
862,Barbara,Gonzalez,barbara.gonzalez.862@example-corp.com,Female,1992-08-20,6,Sales,47476,2020-08-07,
863,Thomas,Flores,thomas.flores.863@example-corp.com,Male,1969-08-06,13,Executive,194602,2022-05-21,
864,Daniel,Ramirez,daniel.ramirez.864@example-corp.com,Male,1982-04-23,8,Finance,92912,2016-03-08,
865,Edward,White,edward.white.865@example-corp.com,Male,1992-03-21,10,Infrastructure,111143,2022-04-14,
866,Nancy,Baker,nancy.baker.866@example-corp.com,Female,1997-07-25,3,Product,100211,2016-09-08,
867,Elizabeth,White,elizabeth.white.867@example-corp.com,Female,1975-10-01,1,Engineering,57960,2021-08-26,
868,Linda,Wright,linda.wright.868@example-corp.com,Female,1975-07-10,5,Human Resources,72866,2023-04-14,
869,Robert,Miller,robert.miller.869@example-corp.com,Male,1980-07-27,5,Human Resources,72183,2018-04-14,
870,Daniel,Baker,daniel.baker.870@example-corp.com,Male,2000-05-28,11,Operations,74236,2025-01-15,
871,Kevin,Carter,kevin.carter.871@example-corp.com,Male,1971-04-22,9,Design,76808,2024-08-02,
872,Anthony,King,anthony.king.872@example-corp.com,Male,1993-07-24,7,Marketing,54099,2021-08-12,
873,Michael,Jackson,michael.jackson.873@example-corp.com,Male,1984-01-18,14,Administration,54629,2017-03-07,
874,Ashley,Hill,ashley.hill.874@example-corp.com,Female,1981-10-10,1,Engineering,63778,2020-02-04,
875,Jennifer,Walker,jennifer.walker.875@example-corp.com,Female,1964-04-17,5,Human Resources,81816,2016-05-24,
876,Ronald,Harris,ronald.harris.876@example-corp.com,Male,2004-12-02,8,Finance,90633,2016-05-25,
877,Kevin,White,kevin.white.877@example-corp.com,Male,1998-02-14,10,Infrastructure,116904,2023-07-20,
878,Deborah,Thomas,deborah.thomas.878@example-corp.com,Female,1989-12-31,9,Design,83961,2018-11-11,
879,John,Ramirez,john.ramirez.879@example-corp.com,Male,1978-05-07,1,Engineering,64639,2017-01-15,
880,Jessica,Wilson,jessica.wilson.880@example-corp.com,Female,1977-02-11,8,Finance,99203,2016-09-13,
881,Sandra,Davis,sandra.davis.881@example-corp.com,Female,1998-10-17,14,Administration,48689,2023-05-29,
882,Nancy,Hill,nancy.hill.882@example-corp.com,Female,1999-04-24,6,Sales,46152,2025-05-27,
883,Jennifer,Jones,jennifer.jones.883@example-corp.com,Female,1970-09-24,8,Finance,90407,2024-01-19,
884,Dorothy,Lopez,dorothy.lopez.884@example-corp.com,Female,1971-10-05,1,Engineering,56007,2017-03-10,
885,John,Thompson,john.thompson.885@example-corp.com,Male,1997-07-23,3,Product,105112,2024-04-15,
886,Karen,Perez,karen.perez.886@example-corp.com,Female,1992-07-07,4,Data Science,100236,2021-03-09,
887,Jennifer,Adams,jennifer.adams.887@example-corp.com,Female,1983-10-13,3,Product,106995,2025-10-31,
888,Kevin,Campbell,kevin.campbell.888@example-corp.com,Male,1993-07-29,2,Engineering,121300,2022-04-04,
889,Andrew,Gonzalez,andrew.gonzalez.889@example-corp.com,Male,1993-09-18,5,Human Resources,85349,2017-06-10,
890,Daniel,Rivera,daniel.rivera.890@example-corp.com,Male,1979-11-16,12,Executive,190642,2018-11-06,
891,Kevin,Harris,kevin.harris.891@example-corp.com,Male,1967-05-04,6,Sales,46320,2018-11-23,
892,Joshua,Martin,joshua.martin.892@example-corp.com,Male,1999-01-08,1,Engineering,62112,2020-01-28,
893,Michelle,Lewis,michelle.lewis.893@example-corp.com,Female,2005-01-11,1,Engineering,59072,2019-04-22,
894,Susan,Rodriguez,susan.rodriguez.894@example-corp.com,Female,1963-10-07,14,Administration,54265,2023-05-16,
895,Emily,Mitchell,emily.mitchell.895@example-corp.com,Female,1961-05-07,5,Human Resources,83948,2020-12-08,
896,Anthony,Lopez,anthony.lopez.896@example-corp.com,Male,1986-10-31,1,Engineering,62830,2022-01-09,
897,Elizabeth,Robinson,elizabeth.robinson.897@example-corp.com,Female,1987-05-30,1,Engineering,56451,2024-02-13,
898,Karen,Hill,karen.hill.898@example-corp.com,Female,1980-08-15,14,Administration,52251,2019-03-07,
899,Barbara,Jackson,barbara.jackson.899@example-corp.com,Female,1973-11-11,2,Engineering,125613,2018-12-07,2022-08-22
900,Andrew,Roberts,andrew.roberts.900@example-corp.com,Male,1975-07-20,5,Human Resources,87924,2020-01-02,
901,Kimberly,Nelson,kimberly.nelson.901@example-corp.com,Female,1962-11-12,13,Executive,199507,2017-08-14,
902,Melissa,Lewis,melissa.lewis.902@example-corp.com,Female,1992-03-06,6,Sales,50864,2024-09-19,
903,Steven,Rivera,steven.rivera.903@example-corp.com,Male,1996-09-22,11,Operations,66836,2019-11-08,
904,Thomas,Wright,thomas.wright.904@example-corp.com,Male,1990-12-12,1,Engineering,59386,2020-04-13,2021-02-23
905,Donald,Gonzalez,donald.gonzalez.905@example-corp.com,Male,1973-04-16,12,Executive,190040,2021-09-16,
906,Margaret,Anderson,margaret.anderson.906@example-corp.com,Female,1998-03-19,13,Executive,208098,2018-08-24,
907,Mark,Hall,mark.hall.907@example-corp.com,Male,1982-01-05,6,Sales,49155,2024-07-27,
908,George,Lopez,george.lopez.908@example-corp.com,Male,1972-06-09,12,Executive,182287,2018-08-20,
909,Matthew,White,matthew.white.909@example-corp.com,Male,1980-02-19,3,Product,102429,2019-10-26,
910,Kimberly,Rivera,kimberly.rivera.910@example-corp.com,Female,1978-06-24,8,Finance,102864,2019-01-20,
911,Sandra,Thomas,sandra.thomas.911@example-corp.com,Female,1979-12-24,13,Executive,196722,2023-01-24,
912,Richard,Gonzalez,richard.gonzalez.912@example-corp.com,Male,1967-11-10,7,Marketing,55945,2019-11-04,
913,Jessica,Ramirez,jessica.ramirez.913@example-corp.com,Female,1973-06-03,8,Finance,87404,2024-08-27,
914,Thomas,Jackson,thomas.jackson.914@example-corp.com,Male,1974-06-18,14,Administration,53479,2018-09-26,
915,Patricia,Williams,patricia.williams.915@example-corp.com,Female,1982-01-21,11,Operations,75730,2019-11-10,
916,Linda,Rodriguez,linda.rodriguez.916@example-corp.com,Female,1984-03-20,7,Marketing,59336,2019-05-07,
917,Kevin,Carter,kevin.carter.917@example-corp.com,Male,1962-04-03,14,Administration,48600,2018-11-28,
918,Daniel,Roberts,daniel.roberts.918@example-corp.com,Male,1990-01-23,1,Engineering,62878,2016-06-19,
919,Robert,Hall,robert.hall.919@example-corp.com,Male,1989-08-12,12,Executive,217968,2025-11-08,
920,Deborah,Flores,deborah.flores.920@example-corp.com,Female,1977-10-24,6,Sales,49937,2019-09-09,
921,David,Ramirez,david.ramirez.921@example-corp.com,Male,1978-11-19,11,Operations,65945,2021-10-17,
922,Karen,Lewis,karen.lewis.922@example-corp.com,Female,1978-01-08,11,Operations,73647,2019-07-11,
923,Donald,Lopez,donald.lopez.923@example-corp.com,Male,1965-07-14,6,Sales,54111,2022-11-04,
924,Deborah,Wright,deborah.wright.924@example-corp.com,Female,1973-11-20,3,Product,100834,2020-05-10,
925,Mary,Nelson,mary.nelson.925@example-corp.com,Female,1974-04-02,8,Finance,104490,2022-08-08,
926,Donna,Smith,donna.smith.926@example-corp.com,Female,1963-09-04,12,Executive,212600,2017-07-09,
927,Christopher,Young,christopher.young.927@example-corp.com,Male,1989-04-11,8,Finance,97901,2020-03-13,
928,Christopher,Walker,christopher.walker.928@example-corp.com,Male,2004-02-04,4,Data Science,120109,2025-10-28,
929,Carol,Flores,carol.flores.929@example-corp.com,Female,1990-04-28,10,Infrastructure,106514,2022-10-23,
930,Mark,Wright,mark.wright.930@example-corp.com,Male,1967-10-12,7,Marketing,59923,2017-09-15,
931,Melissa,Ramirez,melissa.ramirez.931@example-corp.com,Female,1993-08-26,8,Finance,90708,2019-08-06,
932,Christopher,Green,christopher.green.932@example-corp.com,Male,1988-03-21,7,Marketing,53496,2021-04-29,
933,Karen,Lopez,karen.lopez.933@example-corp.com,Female,1996-08-26,13,Executive,177999,2017-05-14,2023-04-23
934,Nancy,Baker,nancy.baker.934@example-corp.com,Female,1987-07-11,14,Administration,45981,2016-03-17,
935,Carol,Wilson,carol.wilson.935@example-corp.com,Female,1986-10-03,1,Engineering,55955,2017-10-21,
936,Edward,Williams,edward.williams.936@example-corp.com,Male,1988-08-05,6,Sales,52780,2018-11-24,
937,David,Lewis,david.lewis.937@example-corp.com,Male,2004-09-26,9,Design,84988,2018-09-27,
938,Daniel,Torres,daniel.torres.938@example-corp.com,Male,1990-06-19,7,Marketing,53459,2022-09-12,
939,Mary,Gonzalez,mary.gonzalez.939@example-corp.com,Female,1961-07-04,8,Finance,96502,2017-01-19,
940,Nancy,Carter,nancy.carter.940@example-corp.com,Female,1966-07-04,7,Marketing,52176,2023-05-09,
941,Joshua,King,joshua.king.941@example-corp.com,Male,1980-03-15,7,Marketing,50569,2022-06-01,
942,John,Wright,john.wright.942@example-corp.com,Male,1967-03-28,12,Executive,217355,2025-12-29,
943,Steven,Brown,steven.brown.943@example-corp.com,Male,1999-10-11,7,Marketing,50197,2021-05-05,
944,Margaret,Nguyen,margaret.nguyen.944@example-corp.com,Female,2002-03-02,5,Human Resources,87893,2019-09-04,
945,Emily,Harris,emily.harris.945@example-corp.com,Female,1985-10-17,5,Human Resources,73128,2025-08-12,
946,John,Walker,john.walker.946@example-corp.com,Male,2002-02-20,14,Administration,52194,2017-08-06,
947,Donna,Perez,donna.perez.947@example-corp.com,Female,1987-02-15,9,Design,77812,2019-03-30,
948,Daniel,Wilson,daniel.wilson.948@example-corp.com,Male,1989-08-14,10,Infrastructure,105558,2024-02-09,
949,David,Clark,david.clark.949@example-corp.com,Male,1981-10-16,11,Operations,72326,2022-02-09,2024-02-01
950,Lisa,Young,lisa.young.950@example-corp.com,Female,2004-08-16,4,Data Science,107041,2019-07-16,
951,Steven,Moore,steven.moore.951@example-corp.com,Male,1963-09-30,14,Administration,47822,2025-07-02,
952,Lisa,White,lisa.white.952@example-corp.com,Female,1986-01-13,9,Design,84009,2018-11-12,
953,Anthony,Moore,anthony.moore.953@example-corp.com,Male,1997-09-19,2,Engineering,114105,2016-08-04,
954,Barbara,Thomas,barbara.thomas.954@example-corp.com,Female,1995-07-13,1,Engineering,64724,2017-12-04,
955,Joseph,Sanchez,joseph.sanchez.955@example-corp.com,Male,1963-06-15,3,Product,90505,2025-05-18,
956,Christopher,Johnson,christopher.johnson.956@example-corp.com,Male,1979-05-19,8,Finance,94223,2023-11-13,
957,Nancy,Adams,nancy.adams.957@example-corp.com,Female,1985-05-31,7,Marketing,59951,2021-03-12,
958,Jennifer,Garcia,jennifer.garcia.958@example-corp.com,Female,2005-05-30,9,Design,87706,2024-01-29,
959,Michael,Allen,michael.allen.959@example-corp.com,Male,2001-07-01,6,Sales,47114,2025-03-24,
960,Mary,White,mary.white.960@example-corp.com,Female,1985-05-19,12,Executive,212477,2018-07-14,
961,Thomas,Robinson,thomas.robinson.961@example-corp.com,Male,1977-06-09,5,Human Resources,77346,2021-06-12,
962,Mark,Mitchell,mark.mitchell.962@example-corp.com,Male,1990-02-05,13,Executive,206001,2019-02-24,
963,John,Scott,john.scott.963@example-corp.com,Male,1973-07-09,8,Finance,95269,2019-07-29,
964,John,Robinson,john.robinson.964@example-corp.com,Male,1992-10-12,4,Data Science,107684,2022-10-21,
965,Susan,Green,susan.green.965@example-corp.com,Female,1978-03-29,4,Data Science,102977,2021-08-08,
966,Joshua,Lopez,joshua.lopez.966@example-corp.com,Male,1998-10-10,10,Infrastructure,121608,2021-09-18,
967,Edward,Nguyen,edward.nguyen.967@example-corp.com,Male,1980-01-24,5,Human Resources,73732,2016-05-02,
968,George,Mitchell,george.mitchell.968@example-corp.com,Male,1986-11-11,7,Marketing,60326,2018-12-13,
969,Ashley,Moore,ashley.moore.969@example-corp.com,Female,2003-02-12,7,Marketing,59689,2022-08-30,
970,Matthew,Flores,matthew.flores.970@example-corp.com,Male,2002-01-18,3,Product,97664,2016-09-23,
971,Kevin,Martinez,kevin.martinez.971@example-corp.com,Male,1961-06-08,10,Infrastructure,111477,2020-05-08,
972,Paul,Scott,paul.scott.972@example-corp.com,Male,1966-07-29,4,Data Science,108539,2023-01-17,2024-09-27
973,Ronald,Harris,ronald.harris.973@example-corp.com,Male,1965-01-03,9,Design,84636,2017-04-15,
974,John,Moore,john.moore.974@example-corp.com,Male,1997-01-17,8,Finance,90884,2021-09-28,
975,Richard,Johnson,richard.johnson.975@example-corp.com,Male,2005-07-02,10,Infrastructure,112686,2020-05-13,
976,Jennifer,Rodriguez,jennifer.rodriguez.976@example-corp.com,Female,1973-06-15,13,Executive,174481,2023-01-11,
977,Donald,Thompson,donald.thompson.977@example-corp.com,Male,1966-12-24,7,Marketing,53075,2017-01-26,2020-12-22
978,Elizabeth,Wright,elizabeth.wright.978@example-corp.com,Female,1986-11-11,8,Finance,98950,2023-08-27,
979,Michelle,Hill,michelle.hill.979@example-corp.com,Female,1975-06-27,11,Operations,72478,2023-04-19,
980,David,Young,david.young.980@example-corp.com,Male,1997-08-18,8,Finance,88442,2025-11-24,
981,Jessica,Carter,jessica.carter.981@example-corp.com,Female,1966-09-11,2,Engineering,126806,2022-08-01,
982,Joseph,Lopez,joseph.lopez.982@example-corp.com,Male,1962-02-12,12,Executive,195671,2019-08-26,
983,Richard,Nelson,richard.nelson.983@example-corp.com,Male,1967-08-22,14,Administration,50349,2021-01-19,
984,Charles,Miller,charles.miller.984@example-corp.com,Male,1976-08-08,6,Sales,46433,2025-08-10,
985,Daniel,Torres,daniel.torres.985@example-corp.com,Male,1973-05-18,4,Data Science,120724,2021-10-02,
986,Anthony,Harris,anthony.harris.986@example-corp.com,Male,1974-05-23,1,Engineering,56477,2021-02-08,
987,George,Lee,george.lee.987@example-corp.com,Male,1982-01-16,3,Product,101468,2018-05-26,
988,Paul,Smith,paul.smith.988@example-corp.com,Male,1992-10-12,8,Finance,88485,2023-05-20,2024-02-06
989,Thomas,Martinez,thomas.martinez.989@example-corp.com,Male,1971-09-29,8,Finance,91074,2024-08-20,
990,Carol,Clark,carol.clark.990@example-corp.com,Female,1989-08-26,10,Infrastructure,108495,2021-04-02,2025-11-18
991,Jessica,White,jessica.white.991@example-corp.com,Female,2004-01-18,5,Human Resources,85503,2024-11-25,
992,Karen,Torres,karen.torres.992@example-corp.com,Female,1987-01-08,6,Sales,52499,2024-05-07,
993,Kevin,Torres,kevin.torres.993@example-corp.com,Male,1961-11-03,3,Product,103620,2021-02-13,
994,Betty,Nelson,betty.nelson.994@example-corp.com,Female,1992-07-02,6,Sales,48900,2018-04-02,
995,Joshua,Miller,joshua.miller.995@example-corp.com,Male,2002-12-29,11,Operations,68182,2022-09-01,
996,William,Flores,william.flores.996@example-corp.com,Male,1970-01-01,2,Engineering,109793,2021-01-29,
997,Charles,Hill,charles.hill.997@example-corp.com,Male,1965-08-20,7,Marketing,50948,2017-08-27,
998,Michael,King,michael.king.998@example-corp.com,Male,2000-07-01,10,Infrastructure,120434,2020-02-08,
999,Charles,Scott,charles.scott.999@example-corp.com,Male,1985-09-07,2,Engineering,123033,2021-12-06,
1000,James,Ramirez,james.ramirez.1000@example-corp.com,Male,1969-10-12,9,Design,79709,2022-02-14,
